XCells,YCells,H1_1,H1_2,H1_3,H1_4,H1_5,H1_6,H1_7,H1_8,H1_9,H1_10,H1_11,H1_12,H1_13,H1_14,H1_15,tile_counts,lv,board_score,gameplay_score,integrated,integrated_sm
5,5,25,56,14,24,5,18,10,0,0,0,0,0,0,0,0,"{'Normal': 14, 'Blank': 6, 'Stack': 5, 'Lock': 0, 'Plank': 0, 'Ice': 0, 'StackLock': 0, 'Grass': 0, 'Ads': 0, 'CameraPicture': 0}",1,44.4,18.1,31.2,30.2
5,5,25,55,13,25,6,26,16,0,0,0,0,0,0,0,0,"{'Normal': 13, 'Blank': 6, 'Stack': 6, 'Lock': 0, 'Plank': 0, 'Ice': 0, 'StackLock': 0, 'Grass': 0, 'Ads': 0, 'CameraPicture': 0}",2,48.7,12.1,30.4,31.8
5,5,25,62,15,18,4,20,11,0,0,0,0,0,0,0,0,"{'Normal': 15, 'Blank': 6, 'Stack': 4, 'Lock': 0, 'Plank': 0, 'Ice': 0, 'StackLock': 0, 'Grass': 0, 'Ads': 0, 'CameraPicture': 0}",3,44.0,14.1,29.0,31.0
5,5,25,52,13,28,6,26,17,0,0,0,0,0,0,0,0,"{'Normal': 13, 'Blank': 6, 'Stack': 6, 'Lock': 0, 'Plank': 0, 'Ice': 0, 'StackLock': 0, 'Grass': 0, 'Ads': 0, 'CameraPicture': 0}",4,48.8,24.7,36.8,28.9
5,5,25,59,15,21,4,18,10,0,0,0,0,0,0,0,0,"{'Normal': 15, 'Blank': 6, 'Stack': 4, 'Lock': 0, 'Plank': 0, 'Ice': 0, 'StackLock': 0, 'Grass': 0, 'Ads': 0, 'CameraPicture': 0}",5,43.2,12.0,27.6,32.2
5,5,25,64,15,16,4,11,6,0,0,0,0,0,0,0,0,"{'Normal': 15, 'Blank': 6, 'Stack': 4, 'Lock': 0, 'Plank': 0, 'Ice': 0, 'StackLock': 0, 'Grass': 0, 'Ads': 0, 'CameraPicture': 0}",6,41.1,0.6,20.8,34.5
5,5,25,57,13,23,6,32,19,0,0,0,0,0,0,0,0,"{'Normal': 13, 'Blank': 6, 'Stack': 6, 'Lock': 0, 'Plank': 0, 'Ice': 0, 'StackLock': 0, 'Grass': 0, 'Ads': 0, 'CameraPicture': 0}",7,50.8,42.4,46.6,32.6
5,5,25,61,14,19,5,26,17,0,0,0,0,0,0,0,0,"{'Normal': 14, 'Blank': 6, 'Stack': 5, 'Lock': 0, 'Plank': 0, 'Ice': 0, 'StackLock': 0, 'Grass': 0, 'Ads': 0, 'CameraPicture': 0}",8,48.0,33.6,40.8,34.0
5,5,25,55,12,17,5,19,12,8,2,0,0,44,0,0,0,"{'Normal': 12, 'Blank': 6, 'Stack': 5, 'Lock': 2, 'Plank': 0, 'Ice': 0, 'StackLock': 0, 'Grass': 0, 'Ads': 0, 'CameraPicture': 0}",9,51.0,3.6,27.3,43.1
5,5,25,58,14,13,3,13,8,9,2,0,0,56,0,0,0,"{'Normal': 14, 'Blank': 6, 'Stack': 3, 'Lock': 2, 'Plank': 0, 'Ice': 0, 'StackLock': 0, 'Grass': 0, 'Ads': 0, 'CameraPicture': 0}",10,46.8,22.5,34.6,44.8
5,5,25,47,12,31,6,36,23,2,1,0,0,70,0,0,0,"{'Normal': 12, 'Blank': 6, 'Stack': 6, 'Lock': 1, 'Plank': 0, 'Ice': 0, 'StackLock': 0, 'Grass': 0, 'Ads': 0, 'CameraPicture': 0}",11,54.7,77.3,66.0,44.8
5,5,25,56,12,17,5,24,18,7,2,0,0,116,0,0,0,"{'Normal': 12, 'Blank': 6, 'Stack': 5, 'Lock': 2, 'Plank': 0, 'Ice': 0, 'StackLock': 0, 'Grass': 0, 'Ads': 0, 'CameraPicture': 0}",12,53.9,57.0,55.4,46.6
5,5,25,49,12,19,4,19,11,12,3,0,0,96,0,0,0,"{'Normal': 12, 'Blank': 6, 'Stack': 4, 'Lock': 3, 'Plank': 0, 'Ice': 0, 'StackLock': 0, 'Grass': 0, 'Ads': 0, 'CameraPicture': 0}",13,52.4,28.7,40.6,44.0
5,5,25,54,12,23,6,26,18,3,1,0,0,26,0,0,0,"{'Normal': 12, 'Blank': 6, 'Stack': 6, 'Lock': 1, 'Plank': 0, 'Ice': 0, 'StackLock': 0, 'Grass': 0, 'Ads': 0, 'CameraPicture': 0}",14,51.9,21.4,36.6,38.7
7,7,49,137,28,13,4,14,9,24,5,0,0,110,0,0,0,"{'Normal': 28, 'Blank': 12, 'Stack': 4, 'Lock': 5, 'Plank': 0, 'Ice': 0, 'StackLock': 0, 'Grass': 0, 'Ads': 0, 'CameraPicture': 0}",15,34.6,8.5,21.6,36.2
5,5,25,60,14,20,5,25,15,0,0,0,0,0,0,0,0,"{'Normal': 14, 'Blank': 6, 'Stack': 5, 'Lock': 0, 'Plank': 0, 'Ice': 0, 'StackLock': 0, 'Grass': 0, 'Ads': 0, 'CameraPicture': 0}",16,47.2,31.1,39.2,38.9
7,7,49,150,31,17,4,22,15,7,2,0,0,116,0,0,0,"{'Normal': 31, 'Blank': 12, 'Stack': 4, 'Lock': 2, 'Plank': 0, 'Ice': 0, 'StackLock': 0, 'Grass': 0, 'Ads': 0, 'CameraPicture': 0}",17,28.3,57.3,42.8,41.7
7,7,49,119,25,27,5,25,17,28,7,0,0,434,0,0,0,"{'Normal': 25, 'Blank': 12, 'Stack': 5, 'Lock': 7, 'Plank': 0, 'Ice': 0, 'StackLock': 0, 'Grass': 0, 'Ads': 0, 'CameraPicture': 0}",18,46.4,62.4,54.4,46.3
5,5,25,58,13,14,4,21,12,8,2,0,0,104,0,0,0,"{'Normal': 13, 'Blank': 6, 'Stack': 4, 'Lock': 2, 'Plank': 0, 'Ice': 0, 'StackLock': 0, 'Grass': 0, 'Ads': 0, 'CameraPicture': 0}",19,50.8,50.2,50.5,54.0
7,7,49,124,25,15,5,22,12,35,7,0,0,322,0,0,0,"{'Normal': 25, 'Blank': 12, 'Stack': 5, 'Lock': 7, 'Plank': 0, 'Ice': 0, 'StackLock': 0, 'Grass': 0, 'Ads': 0, 'CameraPicture': 0}",20,46.2,42.6,44.4,56.8
5,5,25,51,12,26,6,42,32,3,1,0,0,78,0,0,0,"{'Normal': 12, 'Blank': 6, 'Stack': 6, 'Lock': 1, 'Plank': 0, 'Ice': 0, 'StackLock': 0, 'Grass': 0, 'Ads': 0, 'CameraPicture': 0}",21,58.7,97.3,78.0,52.7
7,7,49,133,28,27,5,24,15,14,4,0,0,280,0,0,0,"{'Normal': 28, 'Blank': 12, 'Stack': 5, 'Lock': 4, 'Plank': 0, 'Ice': 0, 'StackLock': 0, 'Grass': 0, 'Ads': 0, 'CameraPicture': 0}",22,35.9,77.5,56.7,53.2
7,7,49,132,28,28,5,26,15,14,4,0,0,144,0,0,0,"{'Normal': 28, 'Blank': 12, 'Stack': 5, 'Lock': 4, 'Plank': 0, 'Ice': 0, 'StackLock': 0, 'Grass': 0, 'Ads': 0, 'CameraPicture': 0}",23,34.9,32.8,33.8,54.1
7,7,49,125,25,29,7,34,26,20,5,0,0,300,0,0,0,"{'Normal': 25, 'Blank': 12, 'Stack': 7, 'Lock': 5, 'Plank': 0, 'Ice': 0, 'StackLock': 0, 'Grass': 0, 'Ads': 0, 'CameraPicture': 0}",24,46.5,60.1,53.3,47.3
7,7,49,120,26,32,7,34,24,22,4,0,0,216,0,0,0,"{'Normal': 26, 'Blank': 12, 'Stack': 7, 'Lock': 4, 'Plank': 0, 'Ice': 0, 'StackLock': 0, 'Grass': 0, 'Ads': 0, 'CameraPicture': 0}",25,44.2,53.0,48.6,44.6
7,7,49,130,27,27,6,26,15,17,4,0,0,208,0,0,0,"{'Normal': 27, 'Blank': 12, 'Stack': 6, 'Lock': 4, 'Plank': 0, 'Ice': 0, 'StackLock': 0, 'Grass': 0, 'Ads': 0, 'CameraPicture': 0}",26,37.8,50.7,44.2,51.0
7,7,49,136,28,25,6,22,12,13,3,0,0,162,0,0,0,"{'Normal': 28, 'Blank': 12, 'Stack': 6, 'Lock': 3, 'Plank': 0, 'Ice': 0, 'StackLock': 0, 'Grass': 0, 'Ads': 0, 'CameraPicture': 0}",27,33.4,53.3,43.3,48.8
7,7,49,126,26,20,5,29,23,28,6,0,0,444,0,0,0,"{'Normal': 26, 'Blank': 12, 'Stack': 5, 'Lock': 6, 'Plank': 0, 'Ice': 0, 'StackLock': 0, 'Grass': 0, 'Ads': 0, 'CameraPicture': 0}",28,47.7,83.7,65.7,52.9
7,7,49,137,29,25,5,24,11,12,3,6,1,195,0,0,0,"{'Normal': 29, 'Blank': 12, 'Stack': 4, 'Lock': 3, 'Plank': 0, 'Ice': 0, 'StackLock': 1, 'Grass': 0, 'Ads': 0, 'CameraPicture': 0}",29,33.7,51.2,42.4,52.6
7,7,49,119,27,49,9,55,45,6,1,23,4,442,0,0,0,"{'Normal': 27, 'Blank': 12, 'Stack': 5, 'Lock': 1, 'Plank': 0, 'Ice': 0, 'StackLock': 4, 'Grass': 0, 'Ads': 0, 'CameraPicture': 0}",30,54.3,83.1,68.7,56.3
7,7,49,117,25,39,8,35,24,18,4,15,3,250,0,0,0,"{'Normal': 25, 'Blank': 12, 'Stack': 5, 'Lock': 4, 'Plank': 0, 'Ice': 0, 'StackLock': 3, 'Grass': 0, 'Ads': 0, 'CameraPicture': 0}",31,48.6,36.8,42.7,53.0
7,7,49,123,26,29,6,36,27,22,5,8,2,476,0,0,0,"{'Normal': 26, 'Blank': 12, 'Stack': 4, 'Lock': 5, 'Plank': 0, 'Ice': 0, 'StackLock': 2, 'Grass': 0, 'Ads': 0, 'CameraPicture': 0}",32,50.6,73.9,62.2,53.2
7,7,49,121,25,35,8,41,25,18,4,15,3,311,0,0,0,"{'Normal': 25, 'Blank': 12, 'Stack': 5, 'Lock': 4, 'Plank': 0, 'Ice': 0, 'StackLock': 3, 'Grass': 0, 'Ads': 0, 'CameraPicture': 0}",33,50.9,46.8,48.8,45.4
7,7,49,119,25,36,8,36,24,19,4,18,4,360,0,0,0,"{'Normal': 25, 'Blank': 12, 'Stack': 4, 'Lock': 4, 'Plank': 0, 'Ice': 0, 'StackLock': 4, 'Grass': 0, 'Ads': 0, 'CameraPicture': 0}",34,51.4,36.2,43.8,43.9
7,7,49,138,29,28,6,27,15,8,2,0,0,64,0,0,0,"{'Normal': 29, 'Blank': 12, 'Stack': 6, 'Lock': 2, 'Plank': 0, 'Ice': 0, 'StackLock': 0, 'Grass': 0, 'Ads': 0, 'CameraPicture': 0}",35,31.1,28.1,29.6,40.9
7,7,49,118,27,50,9,41,23,6,1,15,3,136,0,0,0,"{'Normal': 27, 'Blank': 12, 'Stack': 6, 'Lock': 1, 'Plank': 0, 'Ice': 0, 'StackLock': 3, 'Grass': 0, 'Ads': 0, 'CameraPicture': 0}",36,41.4,29.0,35.2,38.4
7,7,49,135,29,33,7,34,20,6,1,14,3,182,0,0,0,"{'Normal': 29, 'Blank': 12, 'Stack': 4, 'Lock': 1, 'Plank': 0, 'Ice': 0, 'StackLock': 3, 'Grass': 0, 'Ads': 0, 'CameraPicture': 0}",37,37.9,56.0,47.0,37.9
7,7,49,138,29,25,6,29,19,11,2,10,3,217,0,0,0,"{'Normal': 29, 'Blank': 12, 'Stack': 3, 'Lock': 2, 'Plank': 0, 'Ice': 0, 'StackLock': 3, 'Grass': 0, 'Ads': 0, 'CameraPicture': 0}",38,38.5,34.1,36.3,39.4
7,7,49,128,28,46,9,41,27,0,0,34,6,220,0,0,0,"{'Normal': 28, 'Blank': 12, 'Stack': 3, 'Lock': 0, 'Plank': 0, 'Ice': 0, 'StackLock': 6, 'Grass': 0, 'Ads': 0, 'CameraPicture': 0}",39,44.9,37.9,41.4,37.3
7,7,49,139,31,35,6,32,23,0,0,17,3,121,0,0,0,"{'Normal': 31, 'Blank': 12, 'Stack': 3, 'Lock': 0, 'Plank': 0, 'Ice': 0, 'StackLock': 3, 'Grass': 0, 'Ads': 0, 'CameraPicture': 0}",40,33.4,40.6,37.0,34.6
7,7,49,117,25,43,9,36,20,14,3,14,3,114,0,0,0,"{'Normal': 25, 'Blank': 12, 'Stack': 6, 'Lock': 3, 'Plank': 0, 'Ice': 0, 'StackLock': 3, 'Grass': 0, 'Ads': 0, 'CameraPicture': 0}",41,44.9,4.8,24.8,34.6
7,7,49,134,28,35,8,35,20,5,1,13,3,136,0,0,0,"{'Normal': 28, 'Blank': 12, 'Stack': 5, 'Lock': 1, 'Plank': 0, 'Ice': 0, 'StackLock': 3, 'Grass': 0, 'Ads': 0, 'CameraPicture': 0}",42,38.5,28.6,33.6,36.2
7,7,49,133,28,33,7,32,19,8,2,16,4,198,0,0,0,"{'Normal': 28, 'Blank': 12, 'Stack': 3, 'Lock': 2, 'Plank': 0, 'Ice': 0, 'StackLock': 4, 'Grass': 0, 'Ads': 0, 'CameraPicture': 0}",43,40.4,32.5,36.4,39.6
7,7,49,122,27,42,8,44,28,10,2,22,4,260,0,0,0,"{'Normal': 27, 'Blank': 12, 'Stack': 4, 'Lock': 2, 'Plank': 0, 'Ice': 0, 'StackLock': 4, 'Grass': 0, 'Ads': 0, 'CameraPicture': 0}",44,47.7,50.2,49.0,43.2
7,7,49,135,28,33,8,38,25,6,1,17,3,304,0,0,0,"{'Normal': 28, 'Blank': 12, 'Stack': 5, 'Lock': 1, 'Plank': 0, 'Ice': 0, 'StackLock': 3, 'Grass': 0, 'Ads': 0, 'CameraPicture': 0}",45,42.9,65.5,54.2,46.7
7,7,49,112,24,51,11,52,33,11,2,26,5,193,0,0,0,"{'Normal': 24, 'Blank': 12, 'Stack': 6, 'Lock': 2, 'Plank': 0, 'Ice': 0, 'StackLock': 5, 'Grass': 0, 'Ads': 0, 'CameraPicture': 0}",46,55.0,31.0,43.0,47.1
7,7,49,108,24,33,7,36,24,33,6,10,2,424,0,0,0,"{'Normal': 24, 'Blank': 12, 'Stack': 5, 'Lock': 6, 'Plank': 0, 'Ice': 0, 'StackLock': 2, 'Grass': 0, 'Ads': 0, 'CameraPicture': 0}",47,55.3,46.8,51.0,46.9
7,7,49,117,25,28,7,33,23,29,5,0,0,160,0,0,0,"{'Normal': 25, 'Blank': 12, 'Stack': 7, 'Lock': 5, 'Plank': 0, 'Ice': 0, 'StackLock': 0, 'Grass': 0, 'Ads': 0, 'CameraPicture': 0}",48,46.9,29.7,38.3,46.0
7,7,49,119,26,36,7,35,25,16,3,12,2,242,3,1,0,"{'Normal': 26, 'Blank': 12, 'Stack': 5, 'Lock': 3, 'Plank': 0, 'Ice': 0, 'StackLock': 2, 'Grass': 0, 'Ads': 1, 'CameraPicture': 0}",49,43.5,52.3,47.9,43.3
7,7,49,119,25,35,7,33,20,13,3,11,2,347,7,2,0,"{'Normal': 25, 'Blank': 12, 'Stack': 5, 'Lock': 3, 'Plank': 0, 'Ice': 0, 'StackLock': 2, 'Grass': 0, 'Ads': 2, 'CameraPicture': 0}",50,41.0,58.3,49.6,41.0
7,7,49,129,28,36,7,26,17,9,2,5,1,105,0,0,0,"{'Normal': 28, 'Blank': 12, 'Stack': 6, 'Lock': 2, 'Plank': 0, 'Ice': 0, 'StackLock': 1, 'Grass': 0, 'Ads': 0, 'CameraPicture': 0}",51,34.4,25.0,29.7,40.8
7,7,49,110,24,50,10,43,30,6,1,19,4,169,8,2,0,"{'Normal': 24, 'Blank': 12, 'Stack': 6, 'Lock': 1, 'Plank': 0, 'Ice': 0, 'StackLock': 4, 'Grass': 0, 'Ads': 2, 'CameraPicture': 0}",52,44.4,34.9,39.6,39.3
7,7,49,136,28,17,5,25,15,15,3,6,2,230,6,1,0,"{'Normal': 28, 'Blank': 12, 'Stack': 3, 'Lock': 3, 'Plank': 0, 'Ice': 0, 'StackLock': 2, 'Grass': 0, 'Ads': 1, 'CameraPicture': 0}",53,36.1,38.2,37.2,35.3
7,7,49,131,28,38,8,36,22,0,0,13,3,180,5,1,0,"{'Normal': 28, 'Blank': 12, 'Stack': 5, 'Lock': 0, 'Plank': 0, 'Ice': 0, 'StackLock': 3, 'Grass': 0, 'Ads': 1, 'CameraPicture': 0}",54,35.5,44.9,40.2,32.0
7,7,49,140,30,25,5,22,14,6,1,12,2,144,3,1,0,"{'Normal': 30, 'Blank': 12, 'Stack': 3, 'Lock': 1, 'Plank': 0, 'Ice': 0, 'StackLock': 2, 'Grass': 0, 'Ads': 1, 'CameraPicture': 0}",55,29.5,29.8,29.6,30.9
7,7,49,134,29,29,6,17,10,6,1,8,2,70,5,1,0,"{'Normal': 29, 'Blank': 12, 'Stack': 4, 'Lock': 1, 'Plank': 0, 'Ice': 0, 'StackLock': 2, 'Grass': 0, 'Ads': 1, 'CameraPicture': 0}",56,27.3,0.0,13.6,32.7
7,7,49,115,26,47,9,35,24,6,1,14,3,120,6,1,0,"{'Normal': 26, 'Blank': 12, 'Stack': 6, 'Lock': 1, 'Plank': 0, 'Ice': 0, 'StackLock': 3, 'Grass': 0, 'Ads': 1, 'CameraPicture': 0}",57,39.2,28.9,34.0,31.0
7,7,49,132,28,36,8,43,30,0,0,6,2,112,6,1,0,"{'Normal': 28, 'Blank': 12, 'Stack': 6, 'Lock': 0, 'Plank': 0, 'Ice': 0, 'StackLock': 2, 'Grass': 0, 'Ads': 1, 'CameraPicture': 0}",58,36.6,55.4,46.0,34.4
7,7,49,114,25,40,8,39,25,0,0,6,1,29,10,2,10,"{'Normal': 25, 'Blank': 12, 'Stack': 7, 'Lock': 0, 'Plank': 2, 'Ice': 0, 'StackLock': 1, 'Grass': 0, 'Ads': 2, 'CameraPicture': 0}",59,32.2,31.0,31.6,38.7
7,7,49,114,26,38,7,36,24,12,2,12,2,216,5,1,5,"{'Normal': 26, 'Blank': 12, 'Stack': 5, 'Lock': 2, 'Plank': 1, 'Ice': 0, 'StackLock': 2, 'Grass': 0, 'Ads': 1, 'CameraPicture': 0}",60,40.6,53.0,46.8,40.7
7,7,49,125,26,32,7,32,22,6,1,10,2,97,6,1,5,"{'Normal': 26, 'Blank': 12, 'Stack': 5, 'Lock': 1, 'Plank': 2, 'Ice': 0, 'StackLock': 2, 'Grass': 0, 'Ads': 1, 'CameraPicture': 0}",61,35.4,34.9,35.2,43.1
7,7,49,120,26,26,6,28,14,22,4,14,3,382,0,0,6,"{'Normal': 26, 'Blank': 12, 'Stack': 3, 'Lock': 4, 'Plank': 1, 'Ice': 0, 'StackLock': 3, 'Grass': 0, 'Ads': 0, 'CameraPicture': 0}",62,45.3,42.2,43.8,45.6
7,7,49,101,23,35,7,39,30,6,1,3,1,129,21,3,11,"{'Normal': 23, 'Blank': 12, 'Stack': 6, 'Lock': 1, 'Plank': 2, 'Ice': 0, 'StackLock': 1, 'Grass': 0, 'Ads': 4, 'CameraPicture': 0}",63,34.9,81.3,58.1,44.9
7,7,49,130,28,32,7,34,18,6,1,0,0,57,0,0,6,"{'Normal': 28, 'Blank': 12, 'Stack': 7, 'Lock': 1, 'Plank': 1, 'Ice': 0, 'StackLock': 0, 'Grass': 0, 'Ads': 0, 'CameraPicture': 0}",64,32.5,55.4,44.0,45.1
7,7,49,122,26,41,8,38,21,2,1,8,2,186,5,1,4,"{'Normal': 26, 'Blank': 12, 'Stack': 6, 'Lock': 1, 'Plank': 1, 'Ice': 0, 'StackLock': 2, 'Grass': 0, 'Ads': 1, 'CameraPicture': 0}",65,36.4,50.9,43.6,43.4
7,7,49,135,28,25,6,26,17,12,2,9,2,220,2,1,0,"{'Normal': 28, 'Blank': 12, 'Stack': 4, 'Lock': 2, 'Plank': 0, 'Ice': 0, 'StackLock': 2, 'Grass': 0, 'Ads': 1, 'CameraPicture': 0}",66,36.0,36.2,36.1,44.3
7,7,49,144,30,25,6,29,22,0,0,3,1,34,0,0,5,"{'Normal': 30, 'Blank': 12, 'Stack': 5, 'Lock': 0, 'Plank': 1, 'Ice': 0, 'StackLock': 1, 'Grass': 0, 'Ads': 0, 'CameraPicture': 0}",67,29.3,40.6,35.0,42.5
7,7,49,121,26,43,9,58,40,6,1,26,6,408,4,1,0,"{'Normal': 26, 'Blank': 12, 'Stack': 3, 'Lock': 1, 'Plank': 0, 'Ice': 0, 'StackLock': 6, 'Grass': 0, 'Ads': 1, 'CameraPicture': 0}",68,54.6,71.4,63.0,41.8
7,7,49,120,27,42,8,37,22,0,0,12,2,98,6,1,6,"{'Normal': 27, 'Blank': 12, 'Stack': 6, 'Lock': 0, 'Plank': 1, 'Ice': 0, 'StackLock': 2, 'Grass': 0, 'Ads': 1, 'CameraPicture': 0}",69,33.9,35.4,34.6,41.0
7,7,49,112,25,39,8,26,14,12,2,9,2,161,5,1,6,"{'Normal': 25, 'Blank': 12, 'Stack': 6, 'Lock': 2, 'Plank': 1, 'Ice': 0, 'StackLock': 2, 'Grass': 0, 'Ads': 1, 'CameraPicture': 0}",70,36.5,43.7,40.1,41.2
7,7,49,126,27,34,7,30,19,0,0,15,3,119,5,1,9,"{'Normal': 27, 'Blank': 12, 'Stack': 4, 'Lock': 0, 'Plank': 2, 'Ice': 0, 'StackLock': 3, 'Grass': 0, 'Ads': 1, 'CameraPicture': 0}",71,32.5,32.3,32.4,41.9
7,7,49,110,24,45,9,39,25,11,2,18,4,162,0,0,8,"{'Normal': 24, 'Blank': 12, 'Stack': 5, 'Lock': 2, 'Plank': 2, 'Ice': 0, 'StackLock': 4, 'Grass': 0, 'Ads': 0, 'CameraPicture': 0}",72,46.5,25.6,36.0,41.6
7,7,49,122,26,44,9,56,41,0,0,21,4,301,0,0,8,"{'Normal': 26, 'Blank': 12, 'Stack': 5, 'Lock': 0, 'Plank': 2, 'Ice': 0, 'StackLock': 4, 'Grass': 0, 'Ads': 0, 'CameraPicture': 0}",73,49.6,83.6,66.6,44.0
7,7,49,126,26,28,6,26,16,2,1,0,0,45,9,2,9,"{'Normal': 26, 'Blank': 12, 'Stack': 6, 'Lock': 1, 'Plank': 2, 'Ice': 0, 'StackLock': 0, 'Grass': 0, 'Ads': 2, 'CameraPicture': 0}",74,26.2,39.3,32.8,44.6
7,7,49,117,24,36,8,38,26,15,4,14,4,432,0,0,6,"{'Normal': 24, 'Blank': 12, 'Stack': 4, 'Lock': 4, 'Plank': 1, 'Ice': 0, 'StackLock': 4, 'Grass': 0, 'Ads': 0, 'CameraPicture': 0}",75,51.5,52.5,52.0,47.3
7,7,49,143,30,21,5,20,13,4,1,8,2,160,6,1,0,"{'Normal': 30, 'Blank': 12, 'Stack': 3, 'Lock': 1, 'Plank': 0, 'Ice': 0, 'StackLock': 2, 'Grass': 0, 'Ads': 1, 'CameraPicture': 0}",76,28.0,42.8,35.4,41.2
7,7,49,128,26,36,9,47,32,10,2,11,3,273,0,0,0,"{'Normal': 26, 'Blank': 12, 'Stack': 6, 'Lock': 2, 'Plank': 0, 'Ice': 0, 'StackLock': 3, 'Grass': 0, 'Ads': 0, 'CameraPicture': 0}",77,49.0,50.5,49.8,44.6
7,7,49,120,26,32,7,28,16,6,1,3,1,126,16,3,0,"{'Normal': 26, 'Blank': 12, 'Stack': 6, 'Lock': 1, 'Plank': 0, 'Ice': 0, 'StackLock': 1, 'Grass': 0, 'Ads': 3, 'CameraPicture': 0}",78,29.1,42.4,35.8,43.0
7,7,49,132,28,39,8,38,22,3,1,15,3,255,0,0,0,"{'Normal': 28, 'Blank': 12, 'Stack': 5, 'Lock': 1, 'Plank': 0, 'Ice': 0, 'StackLock': 3, 'Grass': 0, 'Ads': 0, 'CameraPicture': 0}",79,40.2,59.7,50.0,40.7
7,7,49,104,23,46,8,35,22,3,1,17,3,180,10,3,11,"{'Normal': 23, 'Blank': 12, 'Stack': 5, 'Lock': 1, 'Plank': 2, 'Ice': 0, 'StackLock': 3, 'Grass': 0, 'Ads': 3, 'CameraPicture': 0}",80,36.1,52.0,44.0,35.8
7,7,49,118,26,37,7,26,13,6,1,8,2,93,9,2,4,"{'Normal': 26, 'Blank': 12, 'Stack': 5, 'Lock': 1, 'Plank': 1, 'Ice': 0, 'StackLock': 2, 'Grass': 0, 'Ads': 2, 'CameraPicture': 0}",81,30.2,17.9,24.0,35.5
7,7,49,124,26,23,5,19,10,13,3,0,0,84,14,3,0,"{'Normal': 26, 'Blank': 12, 'Stack': 5, 'Lock': 3, 'Plank': 0, 'Ice': 0, 'StackLock': 0, 'Grass': 0, 'Ads': 3, 'CameraPicture': 0}",82,27.1,23.0,25.0,30.9
7,7,49,123,26,35,7,34,25,7,2,11,2,186,9,2,0,"{'Normal': 26, 'Blank': 12, 'Stack': 5, 'Lock': 2, 'Plank': 0, 'Ice': 0, 'StackLock': 2, 'Grass': 0, 'Ads': 2, 'CameraPicture': 0}",83,37.5,31.8,34.6,32.0
7,7,49,123,27,31,6,26,18,3,1,6,1,52,17,3,0,"{'Normal': 27, 'Blank': 12, 'Stack': 5, 'Lock': 1, 'Plank': 0, 'Ice': 0, 'StackLock': 1, 'Grass': 0, 'Ads': 3, 'CameraPicture': 0}",84,26.6,27.1,26.8,37.0
7,7,49,129,27,39,8,41,32,3,1,12,3,268,0,0,3,"{'Normal': 27, 'Blank': 12, 'Stack': 5, 'Lock': 1, 'Plank': 1, 'Ice': 0, 'StackLock': 3, 'Grass': 0, 'Ads': 0, 'CameraPicture': 0}",85,43.2,55.8,49.5,39.2
7,7,49,139,28,26,6,29,19,2,1,3,1,118,0,0,7,"{'Normal': 28, 'Blank': 12, 'Stack': 5, 'Lock': 1, 'Plank': 2, 'Ice': 0, 'StackLock': 1, 'Grass': 0, 'Ads': 0, 'CameraPicture': 0}",86,31.6,66.7,49.2,38.4
7,7,49,126,27,38,8,35,20,0,0,7,2,103,0,0,10,"{'Normal': 27, 'Blank': 12, 'Stack': 6, 'Lock': 0, 'Plank': 2, 'Ice': 0, 'StackLock': 2, 'Grass': 0, 'Ads': 0, 'CameraPicture': 0}",87,34.0,37.5,35.8,43.1
7,7,49,135,28,28,7,35,23,6,1,19,5,177,0,0,5,"{'Normal': 28, 'Blank': 12, 'Stack': 2, 'Lock': 1, 'Plank': 1, 'Ice': 0, 'StackLock': 5, 'Grass': 0, 'Ads': 0, 'CameraPicture': 0}",88,41.4,19.7,30.6,43.4
7,7,49,132,29,33,6,32,23,9,2,18,3,315,0,0,0,"{'Normal': 29, 'Blank': 12, 'Stack': 3, 'Lock': 2, 'Plank': 0, 'Ice': 0, 'StackLock': 3, 'Grass': 0, 'Ads': 0, 'CameraPicture': 0}",89,41.0,60.0,50.5,40.4
7,7,49,126,27,32,6,28,20,7,2,12,2,259,0,0,9,"{'Normal': 27, 'Blank': 12, 'Stack': 4, 'Lock': 2, 'Plank': 2, 'Ice': 0, 'StackLock': 2, 'Grass': 0, 'Ads': 0, 'CameraPicture': 0}",90,37.3,64.2,50.8,40.3
7,7,49,136,29,30,6,28,16,0,0,8,2,65,0,0,8,"{'Normal': 29, 'Blank': 12, 'Stack': 4, 'Lock': 0, 'Plank': 2, 'Ice': 0, 'StackLock': 2, 'Grass': 0, 'Ads': 0, 'CameraPicture': 0}",91,29.3,39.0,34.2,49.2
7,7,49,130,27,28,6,23,14,8,2,3,1,123,3,1,5,"{'Normal': 27, 'Blank': 12, 'Stack': 5, 'Lock': 2, 'Plank': 1, 'Ice': 0, 'StackLock': 1, 'Grass': 0, 'Ads': 1, 'CameraPicture': 0}",92,31.0,40.3,35.6,47.3
7,7,49,126,26,30,7,42,32,12,3,16,3,500,6,1,0,"{'Normal': 26, 'Blank': 12, 'Stack': 4, 'Lock': 3, 'Plank': 0, 'Ice': 0, 'StackLock': 3, 'Grass': 0, 'Ads': 1, 'CameraPicture': 0}",93,49.4,100.0,74.7,41.5
7,7,49,149,31,19,4,16,12,0,0,5,1,109,4,1,2,"{'Normal': 31, 'Blank': 12, 'Stack': 3, 'Lock': 0, 'Plank': 1, 'Ice': 0, 'StackLock': 1, 'Grass': 0, 'Ads': 1, 'CameraPicture': 0}",94,22.0,60.8,41.4,41.5
7,7,49,129,27,26,5,18,13,7,2,0,0,60,6,1,6,"{'Normal': 27, 'Blank': 12, 'Stack': 5, 'Lock': 2, 'Plank': 2, 'Ice': 0, 'StackLock': 0, 'Grass': 0, 'Ads': 1, 'CameraPicture': 0}",95,26.7,16.2,21.4,40.7
7,7,49,122,27,26,5,26,14,8,2,6,1,161,12,2,6,"{'Normal': 27, 'Blank': 12, 'Stack': 4, 'Lock': 2, 'Plank': 1, 'Ice': 0, 'StackLock': 1, 'Grass': 0, 'Ads': 2, 'CameraPicture': 0}",96,29.7,39.3,34.5,30.6
7,7,49,146,30,16,4,21,17,7,2,0,0,76,5,1,0,"{'Normal': 30, 'Blank': 12, 'Stack': 4, 'Lock': 2, 'Plank': 0, 'Ice': 0, 'StackLock': 0, 'Grass': 0, 'Ads': 1, 'CameraPicture': 0}",97,27.1,35.8,31.4,30.9
7,7,49,121,26,41,8,33,21,3,1,16,3,81,6,1,3,"{'Normal': 26, 'Blank': 12, 'Stack': 5, 'Lock': 1, 'Plank': 1, 'Ice': 0, 'StackLock': 3, 'Grass': 0, 'Ads': 1, 'CameraPicture': 0}",98,36.4,12.1,24.2,34.8
7,7,49,138,28,22,6,25,13,3,1,4,1,102,6,1,5,"{'Normal': 28, 'Blank': 12, 'Stack': 5, 'Lock': 1, 'Plank': 1, 'Ice': 0, 'StackLock': 1, 'Grass': 0, 'Ads': 1, 'CameraPicture': 0}",99,28.4,57.8,43.1,37.1
7,7,49,126,26,23,6,27,18,6,1,6,2,236,6,1,13,"{'Normal': 26, 'Blank': 12, 'Stack': 4, 'Lock': 1, 'Plank': 3, 'Ice': 0, 'StackLock': 2, 'Grass': 0, 'Ads': 1, 'CameraPicture': 0}",100,33.6,48.4,41.0,38.9
7,7,49,130,27,38,8,40,26,2,1,12,3,201,4,1,0,"{'Normal': 27, 'Blank': 12, 'Stack': 5, 'Lock': 1, 'Plank': 0, 'Ice': 0, 'StackLock': 3, 'Grass': 0, 'Ads': 1, 'CameraPicture': 0}",101,39.4,52.6,46.0,41.5
7,7,49,130,28,32,7,32,17,0,0,19,4,241,6,1,6,"{'Normal': 28, 'Blank': 12, 'Stack': 3, 'Lock': 0, 'Plank': 1, 'Ice': 0, 'StackLock': 4, 'Grass': 0, 'Ads': 1, 'CameraPicture': 0}",102,34.6,46.2,40.4,42.0
7,7,49,133,28,29,7,31,20,0,0,0,0,0,12,2,0,"{'Normal': 28, 'Blank': 12, 'Stack': 7, 'Lock': 0, 'Plank': 0, 'Ice': 0, 'StackLock': 0, 'Grass': 0, 'Ads': 2, 'CameraPicture': 0}",103,26.4,47.8,37.1,42.1
7,7,49,129,27,30,7,35,24,0,0,12,3,133,12,2,3,"{'Normal': 27, 'Blank': 12, 'Stack': 4, 'Lock': 0, 'Plank': 1, 'Ice': 0, 'StackLock': 3, 'Grass': 0, 'Ads': 2, 'CameraPicture': 0}",104,33.3,58.1,45.7,39.2
7,7,49,113,25,43,8,37,24,6,1,17,3,204,12,3,0,"{'Normal': 25, 'Blank': 12, 'Stack': 5, 'Lock': 1, 'Plank': 0, 'Ice': 0, 'StackLock': 3, 'Grass': 0, 'Ads': 3, 'CameraPicture': 0}",105,37.8,45.0,41.4,41.7
7,7,49,123,27,32,6,29,18,0,0,16,3,103,10,2,9,"{'Normal': 27, 'Blank': 12, 'Stack': 3, 'Lock': 0, 'Plank': 2, 'Ice': 0, 'StackLock': 3, 'Grass': 0, 'Ads': 2, 'CameraPicture': 0}",106,29.7,33.2,31.4,44.2
7,7,49,142,30,26,6,33,18,0,0,12,2,174,6,1,0,"{'Normal': 30, 'Blank': 12, 'Stack': 4, 'Lock': 0, 'Plank': 0, 'Ice': 0, 'StackLock': 2, 'Grass': 0, 'Ads': 1, 'CameraPicture': 0}",107,30.9,74.7,52.8,45.1
7,7,49,137,29,29,6,29,22,5,1,12,2,160,3,1,0,"{'Normal': 29, 'Blank': 12, 'Stack': 4, 'Lock': 1, 'Plank': 0, 'Ice': 0, 'StackLock': 2, 'Grass': 0, 'Ads': 1, 'CameraPicture': 0}",108,33.9,65.6,49.8,45.0
5,5,25,44,10,36,9,47,32,0,0,11,3,103,0,0,0,"{'Normal': 10, 'Blank': 6, 'Stack': 6, 'Lock': 0, 'Plank': 0, 'Ice': 0, 'StackLock': 3, 'Grass': 0, 'Ads': 0, 'CameraPicture': 0}",109,64.8,35.2,50.0,54.5
7,7,49,146,31,22,5,21,14,6,1,6,1,94,0,0,0,"{'Normal': 31, 'Blank': 12, 'Stack': 4, 'Lock': 1, 'Plank': 0, 'Ice': 0, 'StackLock': 1, 'Grass': 0, 'Ads': 0, 'CameraPicture': 0}",110,28.5,53.7,41.1,57.9
5,5,25,53,12,19,5,35,29,6,1,3,1,140,2,1,0,"{'Normal': 12, 'Blank': 6, 'Stack': 4, 'Lock': 1, 'Plank': 0, 'Ice': 0, 'StackLock': 1, 'Grass': 0, 'Ads': 1, 'CameraPicture': 0}",111,57.4,100.0,78.7,59.6
5,5,25,52,13,20,4,25,20,6,1,3,1,209,2,1,0,"{'Normal': 13, 'Blank': 6, 'Stack': 3, 'Lock': 1, 'Plank': 0, 'Ice': 0, 'StackLock': 1, 'Grass': 0, 'Ads': 1, 'CameraPicture': 0}",112,52.5,87.5,70.0,60.4
5,5,25,50,12,19,4,22,16,11,3,5,1,285,0,0,0,"{'Normal': 12, 'Blank': 6, 'Stack': 3, 'Lock': 3, 'Plank': 0, 'Ice': 0, 'StackLock': 1, 'Grass': 0, 'Ads': 0, 'CameraPicture': 0}",113,57.1,58.9,58.0,61.3
5,5,25,46,10,19,6,34,26,5,1,6,2,161,10,2,0,"{'Normal': 10, 'Blank': 6, 'Stack': 4, 'Lock': 1, 'Plank': 0, 'Ice': 0, 'StackLock': 2, 'Grass': 0, 'Ads': 2, 'CameraPicture': 0}",114,57.5,51.3,54.4,57.0
5,5,25,50,11,24,6,31,18,2,1,0,0,45,0,0,4,"{'Normal': 11, 'Blank': 6, 'Stack': 6, 'Lock': 1, 'Plank': 1, 'Ice': 0, 'StackLock': 0, 'Grass': 0, 'Ads': 0, 'CameraPicture': 0}",115,52.9,38.1,45.5,56.5
5,5,25,49,12,25,5,28,20,3,1,4,1,108,0,0,3,"{'Normal': 12, 'Blank': 6, 'Stack': 4, 'Lock': 1, 'Plank': 1, 'Ice': 0, 'StackLock': 1, 'Grass': 0, 'Ads': 0, 'CameraPicture': 0}",116,53.6,60.3,57.0,59.7
5,5,25,61,13,14,4,24,16,0,0,3,1,96,0,0,5,"{'Normal': 13, 'Blank': 6, 'Stack': 3, 'Lock': 0, 'Plank': 2, 'Ice': 0, 'StackLock': 1, 'Grass': 0, 'Ads': 0, 'CameraPicture': 0}",117,48.9,86.2,67.6,62.4
5,5,25,54,13,26,6,37,26,0,0,11,2,114,0,0,0,"{'Normal': 13, 'Blank': 6, 'Stack': 4, 'Lock': 0, 'Plank': 0, 'Ice': 0, 'StackLock': 2, 'Grass': 0, 'Ads': 0, 'CameraPicture': 0}",118,57.2,91.0,74.1,65.9
5,5,25,50,12,19,5,29,20,11,2,0,0,144,0,0,0,"{'Normal': 12, 'Blank': 6, 'Stack': 5, 'Lock': 2, 'Plank': 0, 'Ice': 0, 'StackLock': 0, 'Grass': 0, 'Ads': 0, 'CameraPicture': 0}",119,56.7,78.4,67.6,70.2
5,5,25,51,12,20,5,30,21,4,1,6,1,182,0,0,5,"{'Normal': 12, 'Blank': 6, 'Stack': 4, 'Lock': 1, 'Plank': 1, 'Ice': 0, 'StackLock': 1, 'Grass': 0, 'Ads': 0, 'CameraPicture': 0}",120,55.7,70.5,63.1,72.5
5,5,25,58,13,17,5,35,24,5,1,3,1,220,0,0,0,"{'Normal': 13, 'Blank': 6, 'Stack': 4, 'Lock': 1, 'Plank': 0, 'Ice': 0, 'StackLock': 1, 'Grass': 0, 'Ads': 0, 'CameraPicture': 0}",121,57.7,100.0,78.8,68.4
5,5,25,51,11,24,6,41,31,3,1,0,0,80,2,1,0,"{'Normal': 11, 'Blank': 6, 'Stack': 6, 'Lock': 1, 'Plank': 0, 'Ice': 0, 'StackLock': 0, 'Grass': 0, 'Ads': 1, 'CameraPicture': 0}",122,57.6,100.0,78.8,68.6
5,5,25,57,13,19,5,23,16,0,0,2,1,45,4,1,0,"{'Normal': 13, 'Blank': 6, 'Stack': 4, 'Lock': 0, 'Plank': 0, 'Ice': 0, 'StackLock': 1, 'Grass': 0, 'Ads': 1, 'CameraPicture': 0}",123,47.5,59.9,53.7,69.1
5,5,25,49,12,18,4,21,16,7,2,0,0,148,6,1,0,"{'Normal': 12, 'Blank': 6, 'Stack': 4, 'Lock': 2, 'Plank': 0, 'Ice': 0, 'StackLock': 0, 'Grass': 0, 'Ads': 1, 'CameraPicture': 0}",124,50.5,86.8,68.6,65.9
5,5,25,63,14,15,4,22,17,0,0,8,2,253,0,0,2,"{'Normal': 14, 'Blank': 6, 'Stack': 2, 'Lock': 0, 'Plank': 1, 'Ice': 0, 'StackLock': 2, 'Grass': 0, 'Ads': 0, 'CameraPicture': 0}",125,51.3,79.4,65.4,62.8
5,5,25,56,13,14,4,22,18,0,0,4,1,90,0,0,10,"{'Normal': 13, 'Blank': 6, 'Stack': 3, 'Lock': 0, 'Plank': 2, 'Ice': 0, 'StackLock': 1, 'Grass': 0, 'Ads': 0, 'CameraPicture': 0}",126,48.8,76.9,62.8,68.0
5,5,25,60,15,20,4,22,17,0,0,6,1,54,0,0,0,"{'Normal': 15, 'Blank': 6, 'Stack': 3, 'Lock': 0, 'Plank': 0, 'Ice': 0, 'StackLock': 1, 'Grass': 0, 'Ads': 0, 'CameraPicture': 0}",127,47.7,79.1,63.4,68.2
5,5,25,54,13,23,5,36,26,3,1,8,2,280,0,0,0,"{'Normal': 13, 'Blank': 6, 'Stack': 3, 'Lock': 1, 'Plank': 0, 'Ice': 0, 'StackLock': 2, 'Grass': 0, 'Ads': 0, 'CameraPicture': 0}",128,59.4,100.0,79.7,70.3
5,5,25,47,12,28,6,36,28,5,1,12,3,296,0,0,0,"{'Normal': 12, 'Blank': 6, 'Stack': 3, 'Lock': 1, 'Plank': 0, 'Ice': 0, 'StackLock': 3, 'Grass': 0, 'Ads': 0, 'CameraPicture': 0}",129,62.9,76.4,69.6,69.4
5,5,25,53,13,19,4,27,21,3,1,4,1,180,5,1,0,"{'Normal': 13, 'Blank': 6, 'Stack': 3, 'Lock': 1, 'Plank': 0, 'Ice': 0, 'StackLock': 1, 'Grass': 0, 'Ads': 1, 'CameraPicture': 0}",130,51.9,100.0,76.0,71.3
5,5,25,53,12,14,4,19,13,11,2,7,2,340,2,1,0,"{'Normal': 12, 'Blank': 6, 'Stack': 2, 'Lock': 2, 'Plank': 0, 'Ice': 0, 'StackLock': 2, 'Grass': 0, 'Ads': 1, 'CameraPicture': 0}",131,55.3,61.5,58.4,67.7
5,5,25,60,13,15,4,24,15,0,0,6,1,62,3,1,2,"{'Normal': 13, 'Blank': 6, 'Stack': 3, 'Lock': 0, 'Plank': 1, 'Ice': 0, 'StackLock': 1, 'Grass': 0, 'Ads': 1, 'CameraPicture': 0}",132,47.4,98.4,72.9,64.9
5,5,25,47,12,30,6,34,21,0,0,6,1,85,3,1,0,"{'Normal': 12, 'Blank': 6, 'Stack': 5, 'Lock': 0, 'Plank': 0, 'Ice': 0, 'StackLock': 1, 'Grass': 0, 'Ads': 1, 'CameraPicture': 0}",133,52.6,70.9,61.8,60.1
5,5,25,54,13,22,5,24,15,0,0,9,2,153,0,0,4,"{'Normal': 13, 'Blank': 6, 'Stack': 3, 'Lock': 0, 'Plank': 1, 'Ice': 0, 'StackLock': 2, 'Grass': 0, 'Ads': 0, 'CameraPicture': 0}",134,51.2,60.1,55.6,58.9
5,5,25,48,11,22,5,25,16,0,0,14,3,177,6,2,4,"{'Normal': 11, 'Blank': 6, 'Stack': 2, 'Lock': 0, 'Plank': 1, 'Ice': 0, 'StackLock': 3, 'Grass': 0, 'Ads': 2, 'CameraPicture': 0}",135,51.4,51.7,51.6,58.3
5,5,25,58,13,22,6,30,18,0,0,7,2,80,0,0,0,"{'Normal': 13, 'Blank': 6, 'Stack': 4, 'Lock': 0, 'Plank': 0, 'Ice': 0, 'StackLock': 2, 'Grass': 0, 'Ads': 0, 'CameraPicture': 0}",136,53.3,52.4,52.8,56.6
5,5,25,48,12,26,6,36,24,0,0,18,4,289,0,0,6,"{'Normal': 12, 'Blank': 6, 'Stack': 2, 'Lock': 0, 'Plank': 1, 'Ice': 0, 'StackLock': 4, 'Grass': 0, 'Ads': 0, 'CameraPicture': 0}",137,60.7,79.1,69.9,56.7
5,5,25,43,11,22,5,25,12,4,1,4,1,159,11,2,0,"{'Normal': 11, 'Blank': 6, 'Stack': 4, 'Lock': 1, 'Plank': 0, 'Ice': 0, 'StackLock': 1, 'Grass': 0, 'Ads': 2, 'CameraPicture': 0}",138,49.5,57.0,53.2,58.5
5,5,25,49,11,19,5,26,20,0,0,5,1,113,0,0,12,"{'Normal': 11, 'Blank': 6, 'Stack': 4, 'Lock': 0, 'Plank': 3, 'Ice': 0, 'StackLock': 1, 'Grass': 0, 'Ads': 0, 'CameraPicture': 0}",139,51.9,60.5,56.2,55.0
5,5,25,52,12,21,5,30,21,7,2,6,1,170,0,0,0,"{'Normal': 12, 'Blank': 6, 'Stack': 4, 'Lock': 2, 'Plank': 0, 'Ice': 0, 'StackLock': 1, 'Grass': 0, 'Ads': 0, 'CameraPicture': 0}",140,57.6,63.0,60.3,50.9
5,5,25,60,14,14,3,17,13,2,1,0,0,30,4,1,0,"{'Normal': 14, 'Blank': 6, 'Stack': 3, 'Lock': 1, 'Plank': 0, 'Ice': 0, 'StackLock': 0, 'Grass': 0, 'Ads': 1, 'CameraPicture': 0}",141,44.0,26.9,35.4,50.3
5,5,25,57,14,19,4,18,14,0,0,9,2,159,0,0,4,"{'Normal': 14, 'Blank': 6, 'Stack': 2, 'Lock': 0, 'Plank': 1, 'Ice': 0, 'StackLock': 2, 'Grass': 0, 'Ads': 0, 'CameraPicture': 0}",142,48.7,50.4,49.6,51.4
5,5,25,54,13,17,4,19,13,0,0,6,1,45,4,1,5,"{'Normal': 13, 'Blank': 6, 'Stack': 3, 'Lock': 0, 'Plank': 1, 'Ice': 0, 'StackLock': 1, 'Grass': 0, 'Ads': 1, 'CameraPicture': 0}",143,45.4,54.2,49.8,52.9
5,5,25,62,14,12,4,24,17,6,1,5,1,119,0,0,0,"{'Normal': 14, 'Blank': 6, 'Stack': 3, 'Lock': 1, 'Plank': 0, 'Ice': 0, 'StackLock': 1, 'Grass': 0, 'Ads': 0, 'CameraPicture': 0}",144,52.3,71.6,62.0,56.0
5,5,25,54,13,16,4,24,10,5,1,0,0,77,0,0,5,"{'Normal': 13, 'Blank': 6, 'Stack': 4, 'Lock': 1, 'Plank': 1, 'Ice': 0, 'StackLock': 0, 'Grass': 0, 'Ads': 0, 'CameraPicture': 0}",145,48.5,86.6,67.6,57.9
5,5,25,53,13,21,5,27,16,0,0,3,1,68,0,0,6,"{'Normal': 13, 'Blank': 6, 'Stack': 4, 'Lock': 0, 'Plank': 1, 'Ice': 0, 'StackLock': 1, 'Grass': 0, 'Ads': 0, 'CameraPicture': 0}",146,49.7,51.9,50.8,58.1
5,5,25,59,13,16,4,22,15,3,1,9,2,197,2,1,0,"{'Normal': 13, 'Blank': 6, 'Stack': 2, 'Lock': 1, 'Plank': 0, 'Ice': 0, 'StackLock': 2, 'Grass': 0, 'Ads': 1, 'CameraPicture': 0}",147,51.4,67.4,59.4,58.4
5,5,25,52,13,16,4,20,16,6,1,4,1,94,0,0,6,"{'Normal': 13, 'Blank': 6, 'Stack': 3, 'Lock': 1, 'Plank': 1, 'Ice': 0, 'StackLock': 1, 'Grass': 0, 'Ads': 0, 'CameraPicture': 0}",148,50.8,50.2,50.5,57.3
5,5,25,44,12,24,5,30,19,6,1,3,1,121,0,0,6,"{'Normal': 12, 'Blank': 6, 'Stack': 4, 'Lock': 1, 'Plank': 1, 'Ice': 0, 'StackLock': 1, 'Grass': 0, 'Ads': 0, 'CameraPicture': 0}",149,54.5,72.6,63.6,56.6
5,5,25,72,16,8,3,21,17,0,0,3,1,54,0,0,0,"{'Normal': 16, 'Blank': 6, 'Stack': 2, 'Lock': 0, 'Plank': 0, 'Ice': 0, 'StackLock': 1, 'Grass': 0, 'Ads': 0, 'CameraPicture': 0}",150,46.5,78.3,62.4,54.8
5,5,25,48,12,24,5,28,19,0,0,0,0,8,0,0,8,"{'Normal': 12, 'Blank': 6, 'Stack': 5, 'Lock': 0, 'Plank': 2, 'Ice': 0, 'StackLock': 0, 'Grass': 0, 'Ads': 0, 'CameraPicture': 0}",151,49.1,44.8,47.0,55.9
5,5,25,61,15,19,4,20,14,0,0,5,1,42,0,0,0,"{'Normal': 15, 'Blank': 6, 'Stack': 3, 'Lock': 0, 'Plank': 0, 'Ice': 0, 'StackLock': 1, 'Grass': 0, 'Ads': 0, 'CameraPicture': 0}",152,46.4,54.5,50.4,54.0
5,5,25,55,13,19,5,28,16,6,1,6,2,144,0,0,0,"{'Normal': 13, 'Blank': 6, 'Stack': 3, 'Lock': 1, 'Plank': 0, 'Ice': 0, 'StackLock': 2, 'Grass': 0, 'Ads': 0, 'CameraPicture': 0}",153,54.9,57.6,56.2,50.1
5,5,25,51,13,19,4,20,13,0,0,0,0,4,4,1,6,"{'Normal': 13, 'Blank': 6, 'Stack': 4, 'Lock': 0, 'Plank': 1, 'Ice': 0, 'StackLock': 0, 'Grass': 0, 'Ads': 1, 'CameraPicture': 0}",154,43.6,64.0,53.8,47.5
5,5,25,66,16,9,2,9,6,0,0,0,0,0,5,1,0,"{'Normal': 16, 'Blank': 6, 'Stack': 2, 'Lock': 0, 'Plank': 0, 'Ice': 0, 'StackLock': 0, 'Grass': 0, 'Ads': 1, 'CameraPicture': 0}",155,37.3,48.7,43.0,46.3
5,5,25,56,14,24,5,20,14,0,0,11,2,51,0,0,0,"{'Normal': 14, 'Blank': 6, 'Stack': 3, 'Lock': 0, 'Plank': 0, 'Ice': 0, 'StackLock': 2, 'Grass': 0, 'Ads': 0, 'CameraPicture': 0}",156,49.1,18.7,33.9,47.1
5,5,25,62,15,14,3,14,9,0,0,3,1,37,4,1,0,"{'Normal': 15, 'Blank': 6, 'Stack': 2, 'Lock': 0, 'Plank': 0, 'Ice': 0, 'StackLock': 1, 'Grass': 0, 'Ads': 1, 'CameraPicture': 0}",157,41.6,47.5,44.6,46.0
5,5,25,56,14,14,3,19,13,6,1,0,0,69,0,0,4,"{'Normal': 14, 'Blank': 6, 'Stack': 3, 'Lock': 1, 'Plank': 1, 'Ice': 0, 'StackLock': 0, 'Grass': 0, 'Ads': 0, 'CameraPicture': 0}",158,47.2,73.7,60.4,49.7
5,5,25,64,16,16,3,13,8,0,0,16,3,221,0,0,0,"{'Normal': 16, 'Blank': 6, 'Stack': 0, 'Lock': 0, 'Plank': 0, 'Ice': 0, 'StackLock': 3, 'Grass': 0, 'Ads': 0, 'CameraPicture': 0}",159,47.0,49.1,48.0,52.4
5,5,25,54,12,18,5,28,16,0,0,10,3,155,3,1,5,"{'Normal': 12, 'Blank': 6, 'Stack': 2, 'Lock': 0, 'Plank': 1, 'Ice': 0, 'StackLock': 3, 'Grass': 0, 'Ads': 1, 'CameraPicture': 0}",160,52.4,70.9,61.6,55.9
5,5,25,61,14,11,3,14,10,0,0,0,0,4,0,0,8,"{'Normal': 14, 'Blank': 6, 'Stack': 3, 'Lock': 0, 'Plank': 2, 'Ice': 0, 'StackLock': 0, 'Grass': 0, 'Ads': 0, 'CameraPicture': 0}",161,42.1,52.6,47.4,59.0
5,5,25,43,11,37,8,50,33,0,0,13,3,135,0,0,0,"{'Normal': 11, 'Blank': 6, 'Stack': 5, 'Lock': 0, 'Plank': 0, 'Ice': 0, 'StackLock': 3, 'Grass': 0, 'Ads': 0, 'CameraPicture': 0}",162,64.8,59.7,62.2,61.9
5,5,25,56,12,12,4,28,22,5,1,0,0,87,0,0,7,"{'Normal': 12, 'Blank': 6, 'Stack': 4, 'Lock': 1, 'Plank': 2, 'Ice': 0, 'StackLock': 0, 'Grass': 0, 'Ads': 0, 'CameraPicture': 0}",163,52.8,98.6,75.7,60.5
5,5,25,53,14,22,4,27,16,0,0,16,3,321,5,1,0,"{'Normal': 14, 'Blank': 6, 'Stack': 1, 'Lock': 0, 'Plank': 0, 'Ice': 0, 'StackLock': 3, 'Grass': 0, 'Ads': 1, 'CameraPicture': 0}",164,52.6,72.5,62.6,60.9
5,5,25,62,15,14,3,16,13,0,0,0,0,0,4,1,0,"{'Normal': 15, 'Blank': 6, 'Stack': 3, 'Lock': 0, 'Plank': 0, 'Ice': 0, 'StackLock': 0, 'Grass': 0, 'Ads': 1, 'CameraPicture': 0}",165,41.5,67.8,54.6,58.7
5,5,25,63,15,17,4,21,12,0,0,3,1,40,0,0,0,"{'Normal': 15, 'Blank': 6, 'Stack': 3, 'Lock': 0, 'Plank': 0, 'Ice': 0, 'StackLock': 1, 'Grass': 0, 'Ads': 0, 'CameraPicture': 0}",166,46.0,52.9,49.4,57.4
5,5,25,55,14,16,3,16,9,6,1,0,0,60,0,0,3,"{'Normal': 14, 'Blank': 6, 'Stack': 3, 'Lock': 1, 'Plank': 1, 'Ice': 0, 'StackLock': 0, 'Grass': 0, 'Ads': 0, 'CameraPicture': 0}",167,45.5,57.2,51.4,54.4
5,5,25,58,13,20,5,29,20,0,0,6,1,57,2,1,0,"{'Normal': 13, 'Blank': 6, 'Stack': 4, 'Lock': 0, 'Plank': 0, 'Ice': 0, 'StackLock': 1, 'Grass': 0, 'Ads': 1, 'CameraPicture': 0}",168,50.4,87.8,69.1,54.4
5,5,25,61,15,14,3,16,9,0,0,2,1,43,0,0,5,"{'Normal': 15, 'Blank': 6, 'Stack': 2, 'Lock': 0, 'Plank': 1, 'Ice': 0, 'StackLock': 1, 'Grass': 0, 'Ads': 0, 'CameraPicture': 0}",169,43.2,51.6,47.4,54.4
5,5,25,55,14,19,4,19,11,6,1,6,1,165,0,0,0,"{'Normal': 14, 'Blank': 6, 'Stack': 3, 'Lock': 1, 'Plank': 0, 'Ice': 0, 'StackLock': 1, 'Grass': 0, 'Ads': 0, 'CameraPicture': 0}",170,50.0,59.7,54.8,53.9
5,5,25,55,13,19,5,22,13,0,0,11,2,127,0,0,6,"{'Normal': 13, 'Blank': 6, 'Stack': 3, 'Lock': 0, 'Plank': 1, 'Ice': 0, 'StackLock': 2, 'Grass': 0, 'Ads': 0, 'CameraPicture': 0}",171,50.4,48.2,49.3,54.0
5,5,25,53,13,22,5,27,17,5,1,14,3,165,0,0,0,"{'Normal': 13, 'Blank': 6, 'Stack': 2, 'Lock': 1, 'Plank': 0, 'Ice': 0, 'StackLock': 3, 'Grass': 0, 'Ads': 0, 'CameraPicture': 0}",172,56.4,41.3,48.8,54.7
5,5,25,56,14,12,3,17,11,0,0,0,0,0,12,2,0,"{'Normal': 14, 'Blank': 6, 'Stack': 3, 'Lock': 0, 'Plank': 0, 'Ice': 0, 'StackLock': 0, 'Grass': 0, 'Ads': 2, 'CameraPicture': 0}",173,40.1,99.1,69.6,55.5
5,5,25,65,15,9,3,16,10,6,1,3,1,126,0,0,0,"{'Normal': 15, 'Blank': 6, 'Stack': 2, 'Lock': 1, 'Plank': 0, 'Ice': 0, 'StackLock': 1, 'Grass': 0, 'Ads': 0, 'CameraPicture': 0}",174,47.6,54.6,51.1,55.8
5,5,25,53,13,11,3,15,12,10,2,0,0,133,0,0,6,"{'Normal': 13, 'Blank': 6, 'Stack': 3, 'Lock': 2, 'Plank': 1, 'Ice': 0, 'StackLock': 0, 'Grass': 0, 'Ads': 0, 'CameraPicture': 0}",175,49.5,67.7,58.6,57.3
5,5,25,53,14,22,4,17,11,0,0,5,1,43,5,1,0,"{'Normal': 14, 'Blank': 6, 'Stack': 3, 'Lock': 0, 'Plank': 0, 'Ice': 0, 'StackLock': 1, 'Grass': 0, 'Ads': 1, 'CameraPicture': 0}",176,43.9,57.8,50.8,53.7
5,5,25,59,14,9,3,16,11,6,1,2,1,113,0,0,6,"{'Normal': 14, 'Blank': 6, 'Stack': 2, 'Lock': 1, 'Plank': 1, 'Ice': 0, 'StackLock': 1, 'Grass': 0, 'Ads': 0, 'CameraPicture': 0}",177,47.8,65.4,56.6,56.5
5,5,25,66,15,12,3,14,8,2,1,3,1,159,0,0,0,"{'Normal': 15, 'Blank': 6, 'Stack': 2, 'Lock': 1, 'Plank': 0, 'Ice': 0, 'StackLock': 1, 'Grass': 0, 'Ads': 0, 'CameraPicture': 0}",178,45.7,57.1,51.4,56.1
5,5,25,59,13,19,5,29,22,2,1,7,2,237,0,0,0,"{'Normal': 13, 'Blank': 6, 'Stack': 3, 'Lock': 1, 'Plank': 0, 'Ice': 0, 'StackLock': 2, 'Grass': 0, 'Ads': 0, 'CameraPicture': 0}",179,56.4,74.2,65.3,54.2
5,5,25,64,15,10,3,16,11,0,0,7,2,130,0,0,6,"{'Normal': 15, 'Blank': 6, 'Stack': 1, 'Lock': 0, 'Plank': 1, 'Ice': 0, 'StackLock': 2, 'Grass': 0, 'Ads': 0, 'CameraPicture': 0}",180,46.1,66.3,56.2,51.2
5,5,25,56,12,14,4,19,14,8,2,0,0,73,0,0,2,"{'Normal': 12, 'Blank': 6, 'Stack': 4, 'Lock': 2, 'Plank': 1, 'Ice': 0, 'StackLock': 0, 'Grass': 0, 'Ads': 0, 'CameraPicture': 0}",181,50.9,32.0,41.4,50.2
5,5,25,51,13,20,4,18,12,0,0,6,1,37,0,0,9,"{'Normal': 13, 'Blank': 6, 'Stack': 3, 'Lock': 0, 'Plank': 1, 'Ice': 1, 'StackLock': 1, 'Grass': 0, 'Ads': 0, 'CameraPicture': 0}",182,46.0,37.0,41.5,45.5
5,5,25,58,14,14,3,18,13,0,0,8,2,124,0,0,8,"{'Normal': 14, 'Blank': 6, 'Stack': 1, 'Lock': 0, 'Plank': 0, 'Ice': 2, 'StackLock': 2, 'Grass': 0, 'Ads': 0, 'CameraPicture': 0}",183,47.1,45.7,46.4,46.2
5,5,25,61,14,13,4,17,13,0,0,0,0,0,6,1,0,"{'Normal': 14, 'Blank': 6, 'Stack': 4, 'Lock': 0, 'Plank': 0, 'Ice': 0, 'StackLock': 0, 'Grass': 0, 'Ads': 1, 'CameraPicture': 0}",184,43.0,40.8,41.9,50.2
5,5,25,65,14,7,3,15,11,6,1,5,2,234,0,0,2,"{'Normal': 14, 'Blank': 6, 'Stack': 1, 'Lock': 1, 'Plank': 1, 'Ice': 0, 'StackLock': 2, 'Grass': 0, 'Ads': 0, 'CameraPicture': 0}",185,50.2,69.4,59.8,51.7
5,5,25,61,15,9,2,14,9,4,1,0,0,72,6,1,0,"{'Normal': 15, 'Blank': 6, 'Stack': 2, 'Lock': 1, 'Plank': 0, 'Ice': 0, 'StackLock': 0, 'Grass': 0, 'Ads': 1, 'CameraPicture': 0}",186,42.2,80.1,61.2,50.7
5,5,25,46,12,22,4,19,13,5,1,0,0,58,0,0,7,"{'Normal': 12, 'Blank': 6, 'Stack': 4, 'Lock': 1, 'Plank': 2, 'Ice': 0, 'StackLock': 0, 'Grass': 0, 'Ads': 0, 'CameraPicture': 0}",187,48.0,50.7,49.4,54.5
5,5,25,57,14,18,4,20,14,0,0,12,3,85,0,0,5,"{'Normal': 14, 'Blank': 6, 'Stack': 1, 'Lock': 0, 'Plank': 1, 'Ice': 0, 'StackLock': 3, 'Grass': 0, 'Ads': 0, 'CameraPicture': 0}",188,49.4,32.8,41.1,54.9
5,5,25,58,14,18,4,23,16,4,1,0,0,68,0,0,0,"{'Normal': 14, 'Blank': 6, 'Stack': 4, 'Lock': 1, 'Plank': 0, 'Ice': 0, 'StackLock': 0, 'Grass': 0, 'Ads': 0, 'CameraPicture': 0}",189,49.0,73.0,61.0,52.3
5,5,25,58,13,9,3,18,15,0,0,4,1,55,0,0,13,"{'Normal': 13, 'Blank': 6, 'Stack': 2, 'Lock': 0, 'Plank': 1, 'Ice': 2, 'StackLock': 1, 'Grass': 0, 'Ads': 0, 'CameraPicture': 0}",190,46.2,77.1,61.6,52.2
5,5,25,64,14,14,4,19,12,0,0,0,0,4,0,0,2,"{'Normal': 14, 'Blank': 6, 'Stack': 4, 'Lock': 0, 'Plank': 1, 'Ice': 0, 'StackLock': 0, 'Grass': 0, 'Ads': 0, 'CameraPicture': 0}",191,44.6,51.7,48.2,58.8
5,5,25,60,14,11,3,16,12,0,0,5,1,97,0,0,9,"{'Normal': 14, 'Blank': 6, 'Stack': 2, 'Lock': 0, 'Plank': 1, 'Ice': 1, 'StackLock': 1, 'Grass': 0, 'Ads': 0, 'CameraPicture': 0}",192,45.2,52.8,49.0,58.9
5,5,25,67,16,13,3,20,15,0,0,7,2,200,0,0,0,"{'Normal': 16, 'Blank': 6, 'Stack': 1, 'Lock': 0, 'Plank': 0, 'Ice': 0, 'StackLock': 2, 'Grass': 0, 'Ads': 0, 'CameraPicture': 0}",193,48.2,100.0,74.1,53.4
5,5,25,58,14,22,5,30,17,0,0,5,1,51,0,0,0,"{'Normal': 14, 'Blank': 6, 'Stack': 4, 'Lock': 0, 'Plank': 0, 'Ice': 0, 'StackLock': 1, 'Grass': 0, 'Ads': 0, 'CameraPicture': 0}",194,50.4,73.1,61.8,53.5
5,5,25,69,16,6,2,11,6,0,0,0,0,2,0,0,5,"{'Normal': 16, 'Blank': 6, 'Stack': 2, 'Lock': 0, 'Plank': 0, 'Ice': 1, 'StackLock': 0, 'Grass': 0, 'Ads': 0, 'CameraPicture': 0}",195,39.2,28.3,33.8,52.9
5,5,25,54,13,18,4,20,14,0,0,2,1,47,0,0,8,"{'Normal': 13, 'Blank': 6, 'Stack': 3, 'Lock': 0, 'Plank': 2, 'Ice': 0, 'StackLock': 1, 'Grass': 0, 'Ads': 0, 'CameraPicture': 0}",196,46.6,51.3,49.0,45.3
5,5,25,67,16,13,3,16,11,0,0,2,1,37,0,0,0,"{'Normal': 16, 'Blank': 6, 'Stack': 2, 'Lock': 0, 'Plank': 0, 'Ice': 0, 'StackLock': 1, 'Grass': 0, 'Ads': 0, 'CameraPicture': 0}",197,43.5,47.6,45.6,43.8
5,5,25,50,13,26,5,21,11,0,0,15,3,91,4,1,0,"{'Normal': 13, 'Blank': 6, 'Stack': 2, 'Lock': 0, 'Plank': 0, 'Ice': 0, 'StackLock': 3, 'Grass': 0, 'Ads': 1, 'CameraPicture': 0}",198,49.0,23.8,36.4,47.8
5,5,25,63,15,6,2,10,7,0,0,4,1,115,11,2,0,"{'Normal': 15, 'Blank': 6, 'Stack': 1, 'Lock': 0, 'Plank': 0, 'Ice': 0, 'StackLock': 1, 'Grass': 0, 'Ads': 2, 'CameraPicture': 0}",199,39.1,69.4,54.2,49.0
5,5,25,56,14,15,3,13,6,3,1,10,2,212,0,0,6,"{'Normal': 14, 'Blank': 6, 'Stack': 1, 'Lock': 1, 'Plank': 1, 'Ice': 0, 'StackLock': 2, 'Grass': 0, 'Ads': 0, 'CameraPicture': 0}",200,47.4,59.9,53.6,50.1
5,5,25,61,15,19,4,19,14,0,0,4,1,48,0,0,0,"{'Normal': 15, 'Blank': 6, 'Stack': 3, 'Lock': 0, 'Plank': 0, 'Ice': 0, 'StackLock': 1, 'Grass': 0, 'Ads': 0, 'CameraPicture': 0}",201,46.2,64.0,55.1,53.5
5,5,25,70,16,10,3,14,10,0,0,6,2,86,0,0,0,"{'Normal': 16, 'Blank': 6, 'Stack': 1, 'Lock': 0, 'Plank': 0, 'Ice': 0, 'StackLock': 2, 'Grass': 0, 'Ads': 0, 'CameraPicture': 0}",202,44.7,57.4,51.0,54.3
5,5,25,56,13,22,5,25,18,0,0,5,1,45,2,1,0,"{'Normal': 13, 'Blank': 6, 'Stack': 4, 'Lock': 0, 'Plank': 0, 'Ice': 0, 'StackLock': 1, 'Grass': 0, 'Ads': 1, 'CameraPicture': 0}",203,48.7,58.9,53.8,54.0
5,5,25,63,15,12,3,15,10,5,1,3,1,115,0,0,0,"{'Normal': 15, 'Blank': 6, 'Stack': 2, 'Lock': 1, 'Plank': 0, 'Ice': 0, 'StackLock': 1, 'Grass': 0, 'Ads': 0, 'CameraPicture': 0}",204,46.8,69.1,58.0,51.9
5,5,25,53,13,18,4,21,16,0,0,10,2,141,5,1,4,"{'Normal': 13, 'Blank': 6, 'Stack': 2, 'Lock': 0, 'Plank': 0, 'Ice': 1, 'StackLock': 2, 'Grass': 0, 'Ads': 1, 'CameraPicture': 0}",205,48.7,55.9,52.3,54.6
5,5,25,54,13,14,4,20,12,0,0,2,1,36,6,1,6,"{'Normal': 13, 'Blank': 6, 'Stack': 3, 'Lock': 0, 'Plank': 0, 'Ice': 1, 'StackLock': 1, 'Grass': 0, 'Ads': 1, 'CameraPicture': 0}",206,44.8,43.9,44.3,55.9
5,5,25,62,14,9,3,17,10,0,0,3,1,93,3,1,6,"{'Normal': 14, 'Blank': 6, 'Stack': 2, 'Lock': 0, 'Plank': 1, 'Ice': 0, 'StackLock': 1, 'Grass': 0, 'Ads': 1, 'CameraPicture': 0}",207,43.6,85.3,64.4,54.3
5,5,25,65,15,13,3,19,14,0,0,2,1,53,0,0,2,"{'Normal': 15, 'Blank': 6, 'Stack': 2, 'Lock': 0, 'Plank': 0, 'Ice': 1, 'StackLock': 1, 'Grass': 0, 'Ads': 0, 'CameraPicture': 0}",208,45.3,76.1,60.7,54.1
5,5,25,61,13,17,5,26,17,0,0,15,4,168,2,1,0,"{'Normal': 13, 'Blank': 6, 'Stack': 1, 'Lock': 0, 'Plank': 0, 'Ice': 0, 'StackLock': 4, 'Grass': 0, 'Ads': 1, 'CameraPicture': 0}",209,53.6,45.5,49.6,59.8
5,5,25,64,16,10,2,10,7,0,0,0,0,1,0,0,6,"{'Normal': 16, 'Blank': 6, 'Stack': 2, 'Lock': 0, 'Plank': 1, 'Ice': 0, 'StackLock': 0, 'Grass': 0, 'Ads': 0, 'CameraPicture': 0}",210,39.0,64.0,51.5,61.7
5,5,25,69,16,11,3,19,14,0,0,3,1,60,0,0,0,"{'Normal': 16, 'Blank': 6, 'Stack': 2, 'Lock': 0, 'Plank': 0, 'Ice': 0, 'StackLock': 1, 'Grass': 0, 'Ads': 0, 'CameraPicture': 0}",211,45.3,100.0,72.6,61.0
5,5,25,56,13,19,5,32,22,0,0,0,0,2,0,0,5,"{'Normal': 13, 'Blank': 6, 'Stack': 5, 'Lock': 0, 'Plank': 1, 'Ice': 0, 'StackLock': 0, 'Grass': 0, 'Ads': 0, 'CameraPicture': 0}",212,50.6,97.6,74.1,62.2
5,5,25,65,15,10,3,15,11,5,1,0,0,66,0,0,0,"{'Normal': 15, 'Blank': 6, 'Stack': 3, 'Lock': 1, 'Plank': 0, 'Ice': 0, 'StackLock': 0, 'Grass': 0, 'Ads': 0, 'CameraPicture': 0}",213,45.6,68.8,57.2,62.5
5,5,25,54,12,19,5,23,17,0,0,10,2,121,5,1,2,"{'Normal': 12, 'Blank': 6, 'Stack': 3, 'Lock': 0, 'Plank': 1, 'Ice': 0, 'StackLock': 2, 'Grass': 0, 'Ads': 1, 'CameraPicture': 0}",214,50.5,61.1,55.8,60.8
5,5,25,52,13,25,5,27,19,3,1,19,4,248,0,0,0,"{'Normal': 13, 'Blank': 6, 'Stack': 1, 'Lock': 1, 'Plank': 0, 'Ice': 0, 'StackLock': 4, 'Grass': 0, 'Ads': 0, 'CameraPicture': 0}",215,58.3,47.8,53.0,59.6
5,5,25,52,12,19,5,29,21,9,2,4,1,181,0,0,0,"{'Normal': 12, 'Blank': 6, 'Stack': 4, 'Lock': 2, 'Plank': 0, 'Ice': 0, 'StackLock': 1, 'Grass': 0, 'Ads': 0, 'CameraPicture': 0}",216,57.9,69.9,63.9,61.9
5,5,25,65,16,9,2,13,11,0,0,0,0,2,0,0,6,"{'Normal': 16, 'Blank': 6, 'Stack': 2, 'Lock': 0, 'Plank': 0, 'Ice': 1, 'StackLock': 0, 'Grass': 0, 'Ads': 0, 'CameraPicture': 0}",217,40.6,95.7,68.2,64.8
5,5,25,61,14,6,2,13,10,0,0,0,0,0,13,3,0,"{'Normal': 14, 'Blank': 6, 'Stack': 2, 'Lock': 0, 'Plank': 0, 'Ice': 0, 'StackLock': 0, 'Grass': 0, 'Ads': 3, 'CameraPicture': 0}",218,37.2,100.0,68.6,67.1
5,5,25,55,13,16,4,24,18,6,1,4,1,137,0,0,3,"{'Normal': 13, 'Blank': 6, 'Stack': 3, 'Lock': 1, 'Plank': 1, 'Ice': 0, 'StackLock': 1, 'Grass': 0, 'Ads': 0, 'CameraPicture': 0}",219,52.6,87.7,70.2,69.3
5,5,25,56,13,18,4,22,15,3,1,3,1,162,3,1,0,"{'Normal': 13, 'Blank': 6, 'Stack': 3, 'Lock': 1, 'Plank': 0, 'Ice': 0, 'StackLock': 1, 'Grass': 0, 'Ads': 1, 'CameraPicture': 0}",220,49.4,79.7,64.6,71.2
5,5,25,58,14,11,3,16,11,6,1,6,2,202,0,0,5,"{'Normal': 14, 'Blank': 6, 'Stack': 1, 'Lock': 1, 'Plank': 1, 'Ice': 0, 'StackLock': 2, 'Grass': 0, 'Ads': 0, 'CameraPicture': 0}",221,49.8,100.0,74.9,68.7
5,5,25,56,13,18,5,31,23,0,0,6,2,241,0,0,6,"{'Normal': 13, 'Blank': 6, 'Stack': 3, 'Lock': 0, 'Plank': 0, 'Ice': 1, 'StackLock': 2, 'Grass': 0, 'Ads': 0, 'CameraPicture': 0}",222,55.2,100.0,77.6,70.0
5,5,25,63,15,14,3,14,8,0,0,6,1,51,0,0,3,"{'Normal': 15, 'Blank': 6, 'Stack': 2, 'Lock': 0, 'Plank': 0, 'Ice': 1, 'StackLock': 1, 'Grass': 0, 'Ads': 0, 'CameraPicture': 0}",223,43.2,68.7,56.0,69.9
5,5,25,56,13,18,4,29,22,6,2,7,2,311,0,0,0,"{'Normal': 13, 'Blank': 6, 'Stack': 2, 'Lock': 2, 'Plank': 0, 'Ice': 0, 'StackLock': 2, 'Grass': 0, 'Ads': 0, 'CameraPicture': 0}",224,58.4,95.6,77.0,68.0
5,5,25,66,16,9,2,11,8,0,0,0,0,4,0,0,5,"{'Normal': 16, 'Blank': 6, 'Stack': 2, 'Lock': 0, 'Plank': 1, 'Ice': 0, 'StackLock': 0, 'Grass': 0, 'Ads': 0, 'CameraPicture': 0}",225,39.5,88.1,63.8,65.4
5,5,25,61,14,15,4,22,15,0,0,0,0,2,0,0,4,"{'Normal': 14, 'Blank': 6, 'Stack': 4, 'Lock': 0, 'Plank': 0, 'Ice': 1, 'StackLock': 0, 'Grass': 0, 'Ads': 0, 'CameraPicture': 0}",226,45.8,85.5,65.6,68.7
5,5,25,64,16,16,3,16,11,0,0,0,0,0,0,0,0,"{'Normal': 16, 'Blank': 6, 'Stack': 3, 'Lock': 0, 'Plank': 0, 'Ice': 0, 'StackLock': 0, 'Grass': 0, 'Ads': 0, 'CameraPicture': 0}",227,42.0,87.6,64.8,66.3
5,5,25,58,15,17,3,17,13,0,0,6,1,140,5,1,0,"{'Normal': 15, 'Blank': 6, 'Stack': 2, 'Lock': 0, 'Plank': 0, 'Ice': 0, 'StackLock': 1, 'Grass': 0, 'Ads': 1, 'CameraPicture': 0}",228,44.4,100.0,72.2,68.6
5,5,25,67,16,13,3,20,14,0,0,6,1,55,0,0,0,"{'Normal': 16, 'Blank': 6, 'Stack': 2, 'Lock': 0, 'Plank': 0, 'Ice': 0, 'StackLock': 1, 'Grass': 0, 'Ads': 0, 'CameraPicture': 0}",229,45.7,84.7,65.2,67.8
5,5,25,66,15,14,4,25,15,0,0,5,2,200,0,0,0,"{'Normal': 15, 'Blank': 6, 'Stack': 2, 'Lock': 0, 'Plank': 0, 'Ice': 0, 'StackLock': 2, 'Grass': 0, 'Ads': 0, 'CameraPicture': 0}",230,50.3,100.0,75.2,69.5
5,5,25,57,13,19,5,30,18,0,0,11,3,213,4,1,0,"{'Normal': 13, 'Blank': 6, 'Stack': 2, 'Lock': 0, 'Plank': 0, 'Ice': 0, 'StackLock': 3, 'Grass': 0, 'Ads': 1, 'CameraPicture': 0}",231,53.6,69.6,61.6,67.9
5,5,25,57,13,17,4,27,17,0,0,0,0,2,3,1,3,"{'Normal': 13, 'Blank': 6, 'Stack': 4, 'Lock': 0, 'Plank': 1, 'Ice': 0, 'StackLock': 0, 'Grass': 0, 'Ads': 1, 'CameraPicture': 0}",232,46.3,100.0,73.2,66.4
5,5,25,62,14,15,4,25,21,0,0,5,1,125,3,1,0,"{'Normal': 14, 'Blank': 6, 'Stack': 3, 'Lock': 0, 'Plank': 0, 'Ice': 0, 'StackLock': 1, 'Grass': 0, 'Ads': 1, 'CameraPicture': 0}",233,49.2,78.9,64.1,63.2
5,5,25,53,13,22,5,26,18,0,0,0,0,2,0,0,5,"{'Normal': 13, 'Blank': 6, 'Stack': 5, 'Lock': 0, 'Plank': 0, 'Ice': 1, 'StackLock': 0, 'Grass': 0, 'Ads': 0, 'CameraPicture': 0}",234,48.2,68.0,58.1,63.1
5,5,25,50,11,21,5,24,17,7,2,10,2,271,0,0,2,"{'Normal': 11, 'Blank': 6, 'Stack': 3, 'Lock': 2, 'Plank': 1, 'Ice': 0, 'StackLock': 2, 'Grass': 0, 'Ads': 0, 'CameraPicture': 0}",235,58.0,59.5,58.8,62.3
5,5,25,54,12,21,6,35,26,5,1,9,3,315,0,0,0,"{'Normal': 12, 'Blank': 6, 'Stack': 3, 'Lock': 1, 'Plank': 0, 'Ice': 0, 'StackLock': 3, 'Grass': 0, 'Ads': 0, 'CameraPicture': 0}",236,62.4,60.1,61.2,60.7
5,5,25,59,14,17,4,27,16,0,0,11,2,185,0,0,4,"{'Normal': 14, 'Blank': 6, 'Stack': 2, 'Lock': 0, 'Plank': 1, 'Ice': 0, 'StackLock': 2, 'Grass': 0, 'Ads': 0, 'CameraPicture': 0}",237,51.6,86.7,69.2,61.6
5,5,25,42,11,22,5,24,15,0,0,0,0,8,0,0,16,"{'Normal': 11, 'Blank': 6, 'Stack': 5, 'Lock': 0, 'Plank': 2, 'Ice': 1, 'StackLock': 0, 'Grass': 0, 'Ads': 0, 'CameraPicture': 0}",238,47.5,64.5,56.0,61.3
5,5,25,47,12,25,5,30,21,6,1,9,2,266,0,0,2,"{'Normal': 12, 'Blank': 6, 'Stack': 3, 'Lock': 1, 'Plank': 0, 'Ice': 1, 'StackLock': 2, 'Grass': 0, 'Ads': 0, 'CameraPicture': 0}",239,58.0,67.9,63.0,57.1
5,5,25,65,15,12,3,14,11,0,0,4,1,52,0,0,3,"{'Normal': 15, 'Blank': 6, 'Stack': 2, 'Lock': 0, 'Plank': 1, 'Ice': 0, 'StackLock': 1, 'Grass': 0, 'Ads': 0, 'CameraPicture': 0}",240,43.8,70.4,57.1,53.5
5,5,25,58,14,17,4,16,10,0,0,9,2,58,0,0,5,"{'Normal': 14, 'Blank': 6, 'Stack': 2, 'Lock': 0, 'Plank': 0, 'Ice': 1, 'StackLock': 2, 'Grass': 0, 'Ads': 0, 'CameraPicture': 0}",241,46.4,34.2,40.3,52.4
5,5,25,53,14,22,4,21,12,0,0,0,0,1,0,0,5,"{'Normal': 14, 'Blank': 6, 'Stack': 4, 'Lock': 0, 'Plank': 1, 'Ice': 0, 'StackLock': 0, 'Grass': 0, 'Ads': 0, 'CameraPicture': 0}",242,44.4,57.6,51.0,53.2
5,5,25,61,15,16,3,14,8,0,0,0,0,0,3,1,0,"{'Normal': 15, 'Blank': 6, 'Stack': 3, 'Lock': 0, 'Plank': 0, 'Ice': 0, 'StackLock': 0, 'Grass': 0, 'Ads': 1, 'CameraPicture': 0}",243,39.9,61.3,50.6,56.0
5,5,25,52,11,21,6,38,19,0,0,6,2,146,5,1,2,"{'Normal': 11, 'Blank': 6, 'Stack': 4, 'Lock': 0, 'Plank': 0, 'Ice': 1, 'StackLock': 2, 'Grass': 0, 'Ads': 1, 'CameraPicture': 0}",244,55.0,78.6,66.8,59.0
5,5,25,61,14,14,4,26,20,0,0,3,1,136,5,1,0,"{'Normal': 14, 'Blank': 6, 'Stack': 3, 'Lock': 0, 'Plank': 0, 'Ice': 0, 'StackLock': 1, 'Grass': 0, 'Ads': 1, 'CameraPicture': 0}",245,49.0,93.6,71.3,62.2
5,5,25,43,12,26,5,25,16,0,0,12,2,157,0,0,11,"{'Normal': 12, 'Blank': 6, 'Stack': 3, 'Lock': 0, 'Plank': 2, 'Ice': 0, 'StackLock': 2, 'Grass': 0, 'Ads': 0, 'CameraPicture': 0}",246,52.0,58.8,55.4,62.5
5,5,25,52,12,19,5,27,19,9,2,8,2,272,0,0,0,"{'Normal': 12, 'Blank': 6, 'Stack': 3, 'Lock': 2, 'Plank': 0, 'Ice': 0, 'StackLock': 2, 'Grass': 0, 'Ads': 0, 'CameraPicture': 0}",247,59.2,74.3,66.8,61.9
5,5,25,53,13,16,4,21,15,0,0,3,1,48,0,0,11,"{'Normal': 13, 'Blank': 6, 'Stack': 3, 'Lock': 0, 'Plank': 1, 'Ice': 1, 'StackLock': 1, 'Grass': 0, 'Ads': 0, 'CameraPicture': 0}",248,47.2,56.9,52.0,61.7
5,5,25,50,13,25,5,26,18,0,0,6,1,90,5,1,0,"{'Normal': 13, 'Blank': 6, 'Stack': 4, 'Lock': 0, 'Plank': 0, 'Ice': 0, 'StackLock': 1, 'Grass': 0, 'Ads': 1, 'CameraPicture': 0}",249,49.1,79.2,64.2,61.1
5,5,25,45,12,26,5,28,22,0,0,14,3,277,3,1,6,"{'Normal': 12, 'Blank': 6, 'Stack': 2, 'Lock': 0, 'Plank': 0, 'Ice': 1, 'StackLock': 3, 'Grass': 0, 'Ads': 1, 'CameraPicture': 0}",250,55.0,84.9,70.0,58.0
5,5,25,55,12,17,5,21,16,6,1,5,2,215,2,1,0,"{'Normal': 12, 'Blank': 6, 'Stack': 3, 'Lock': 1, 'Plank': 0, 'Ice': 0, 'StackLock': 2, 'Grass': 0, 'Ads': 1, 'CameraPicture': 0}",251,53.3,51.3,52.3,58.6
5,5,25,54,13,12,3,16,8,0,0,0,0,8,0,0,14,"{'Normal': 13, 'Blank': 6, 'Stack': 3, 'Lock': 0, 'Plank': 2, 'Ice': 1, 'StackLock': 0, 'Grass': 0, 'Ads': 0, 'CameraPicture': 0}",252,42.2,60.9,51.6,57.5
5,5,25,54,12,17,4,17,10,3,1,0,0,67,2,1,4,"{'Normal': 12, 'Blank': 6, 'Stack': 4, 'Lock': 1, 'Plank': 0, 'Ice': 1, 'StackLock': 0, 'Grass': 0, 'Ads': 1, 'CameraPicture': 0}",253,45.5,64.0,54.8,53.7
5,5,25,55,13,19,5,24,15,0,0,3,1,82,6,1,0,"{'Normal': 13, 'Blank': 6, 'Stack': 4, 'Lock': 0, 'Plank': 0, 'Ice': 0, 'StackLock': 1, 'Grass': 0, 'Ads': 1, 'CameraPicture': 0}",254,47.8,70.3,59.0,50.1
5,5,25,60,14,15,4,22,18,0,0,0,0,2,0,0,5,"{'Normal': 14, 'Blank': 6, 'Stack': 4, 'Lock': 0, 'Plank': 0, 'Ice': 1, 'StackLock': 0, 'Grass': 0, 'Ads': 0, 'CameraPicture': 0}",255,46.5,55.0,50.8,49.2
5,5,25,45,12,21,4,17,8,0,0,6,1,27,3,1,11,"{'Normal': 12, 'Blank': 6, 'Stack': 3, 'Lock': 0, 'Plank': 0, 'Ice': 2, 'StackLock': 1, 'Grass': 0, 'Ads': 1, 'CameraPicture': 0}",256,43.6,24.9,34.2,50.6
5,5,25,53,13,15,3,14,8,0,0,0,0,7,6,1,6,"{'Normal': 13, 'Blank': 6, 'Stack': 3, 'Lock': 0, 'Plank': 1, 'Ice': 1, 'StackLock': 0, 'Grass': 0, 'Ads': 1, 'CameraPicture': 0}",257,40.4,53.6,47.0,49.0
5,5,25,50,12,14,4,23,11,0,0,5,2,108,16,3,0,"{'Normal': 12, 'Blank': 6, 'Stack': 2, 'Lock': 0, 'Plank': 0, 'Ice': 0, 'StackLock': 2, 'Grass': 0, 'Ads': 3, 'CameraPicture': 0}",258,44.6,79.7,62.2,51.7
5,5,25,57,14,18,4,19,11,0,0,11,2,140,5,1,0,"{'Normal': 14, 'Blank': 6, 'Stack': 2, 'Lock': 0, 'Plank': 0, 'Ice': 0, 'StackLock': 2, 'Grass': 0, 'Ads': 1, 'CameraPicture': 0}",259,46.9,55.1,51.0,56.3
5,5,25,53,12,19,5,30,22,3,1,0,0,70,5,1,0,"{'Normal': 12, 'Blank': 6, 'Stack': 5, 'Lock': 1, 'Plank': 0, 'Ice': 0, 'StackLock': 0, 'Grass': 0, 'Ads': 1, 'CameraPicture': 0}",260,51.8,76.8,64.3,58.7
5,5,25,49,12,19,5,25,17,6,1,8,2,176,0,0,6,"{'Normal': 12, 'Blank': 6, 'Stack': 3, 'Lock': 1, 'Plank': 0, 'Ice': 1, 'StackLock': 2, 'Grass': 0, 'Ads': 0, 'CameraPicture': 0}",261,55.2,58.4,56.8,61.6
5,5,25,50,12,27,6,30,22,0,0,3,1,49,0,0,3,"{'Normal': 12, 'Blank': 6, 'Stack': 5, 'Lock': 0, 'Plank': 0, 'Ice': 1, 'StackLock': 1, 'Grass': 0, 'Ads': 0, 'CameraPicture': 0}",262,52.7,65.4,59.0,64.0
5,5,25,45,12,24,5,36,25,0,0,5,1,64,0,0,11,"{'Normal': 12, 'Blank': 6, 'Stack': 4, 'Lock': 0, 'Plank': 1, 'Ice': 1, 'StackLock': 1, 'Grass': 0, 'Ads': 0, 'CameraPicture': 0}",263,53.9,100.0,77.0,65.0
5,5,25,60,14,17,4,25,20,0,0,0,0,2,0,0,3,"{'Normal': 14, 'Blank': 6, 'Stack': 4, 'Lock': 0, 'Plank': 0, 'Ice': 1, 'StackLock': 0, 'Grass': 0, 'Ads': 0, 'CameraPicture': 0}",264,47.5,78.1,62.8,64.5
5,5,25,47,12,33,7,41,26,0,0,25,5,390,0,0,0,"{'Normal': 12, 'Blank': 6, 'Stack': 2, 'Lock': 0, 'Plank': 0, 'Ice': 0, 'StackLock': 5, 'Grass': 0, 'Ads': 0, 'CameraPicture': 0}",265,65.6,73.4,69.5,61.3
5,5,25,63,14,15,4,21,11,2,1,6,2,173,0,0,0,"{'Normal': 14, 'Blank': 6, 'Stack': 2, 'Lock': 1, 'Plank': 0, 'Ice': 0, 'StackLock': 2, 'Grass': 0, 'Ads': 0, 'CameraPicture': 0}",266,50.3,58.4,54.4,61.4
7,7,49,143,31,19,4,17,12,0,0,5,1,112,0,0,12,"{'Normal': 31, 'Blank': 12, 'Stack': 3, 'Lock': 0, 'Plank': 0, 'Ice': 2, 'StackLock': 1, 'Grass': 0, 'Ads': 0, 'CameraPicture': 0}",267,23.2,62.7,43.0,57.6
5,5,25,42,11,36,7,50,40,0,0,5,1,136,2,1,0,"{'Normal': 11, 'Blank': 6, 'Stack': 6, 'Lock': 0, 'Plank': 0, 'Ice': 0, 'StackLock': 1, 'Grass': 0, 'Ads': 1, 'CameraPicture': 0}",268,61.8,93.2,77.5,56.5
7,7,49,146,29,22,6,26,18,2,1,3,1,103,0,0,4,"{'Normal': 29, 'Blank': 12, 'Stack': 5, 'Lock': 1, 'Plank': 0, 'Ice': 1, 'StackLock': 1, 'Grass': 0, 'Ads': 0, 'CameraPicture': 0}",269,30.6,57.0,43.8,53.7
5,5,25,49,11,25,7,39,26,0,0,14,4,225,0,0,6,"{'Normal': 11, 'Blank': 6, 'Stack': 3, 'Lock': 0, 'Plank': 1, 'Ice': 0, 'StackLock': 4, 'Grass': 0, 'Ads': 0, 'CameraPicture': 0}",270,62.1,65.0,63.6,52.5
7,7,49,128,27,23,4,18,10,9,2,6,1,156,3,1,11,"{'Normal': 27, 'Blank': 12, 'Stack': 3, 'Lock': 2, 'Plank': 1, 'Ice': 2, 'StackLock': 1, 'Grass': 0, 'Ads': 1, 'CameraPicture': 0}",271,28.2,53.4,40.8,51.8
7,7,49,137,30,27,5,24,19,0,0,10,2,77,4,1,6,"{'Normal': 30, 'Blank': 12, 'Stack': 3, 'Lock': 0, 'Plank': 0, 'Ice': 1, 'StackLock': 2, 'Grass': 0, 'Ads': 1, 'CameraPicture': 0}",272,27.0,46.5,36.8,52.4
7,7,49,131,27,29,7,40,29,12,2,16,4,520,2,1,0,"{'Normal': 27, 'Blank': 12, 'Stack': 3, 'Lock': 2, 'Plank': 0, 'Ice': 0, 'StackLock': 4, 'Grass': 0, 'Ads': 1, 'CameraPicture': 0}",273,48.1,100.0,74.0,49.2
7,7,49,123,27,38,7,36,25,0,0,11,2,97,5,1,8,"{'Normal': 27, 'Blank': 12, 'Stack': 5, 'Lock': 0, 'Plank': 1, 'Ice': 1, 'StackLock': 2, 'Grass': 0, 'Ads': 1, 'CameraPicture': 0}",274,33.5,59.7,46.6,50.0
7,7,49,126,26,22,5,23,15,0,0,3,1,59,14,3,12,"{'Normal': 26, 'Blank': 12, 'Stack': 4, 'Lock': 0, 'Plank': 1, 'Ice': 2, 'StackLock': 1, 'Grass': 0, 'Ads': 3, 'CameraPicture': 0}",275,22.8,72.7,47.8,53.0
7,7,49,142,30,19,4,17,9,7,2,6,1,232,6,1,0,"{'Normal': 30, 'Blank': 12, 'Stack': 3, 'Lock': 2, 'Plank': 0, 'Ice': 0, 'StackLock': 1, 'Grass': 0, 'Ads': 1, 'CameraPicture': 0}",276,27.2,62.7,45.0,47.4
7,7,49,117,25,39,8,34,22,0,0,9,2,139,9,2,9,"{'Normal': 25, 'Blank': 12, 'Stack': 6, 'Lock': 0, 'Plank': 2, 'Ice': 0, 'StackLock': 2, 'Grass': 0, 'Ads': 2, 'CameraPicture': 0}",277,32.8,70.3,51.6,48.7
7,7,49,136,29,29,6,30,20,6,1,0,0,62,3,1,0,"{'Normal': 29, 'Blank': 12, 'Stack': 6, 'Lock': 1, 'Plank': 0, 'Ice': 0, 'StackLock': 0, 'Grass': 0, 'Ads': 1, 'CameraPicture': 0}",278,29.9,61.9,45.9,49.5
7,7,49,137,29,28,5,23,16,0,0,11,2,182,3,1,6,"{'Normal': 29, 'Blank': 12, 'Stack': 3, 'Lock': 0, 'Plank': 1, 'Ice': 1, 'StackLock': 2, 'Grass': 0, 'Ads': 1, 'CameraPicture': 0}",279,27.7,79.0,53.4,47.7
7,7,49,141,31,29,5,24,19,4,1,12,2,237,0,0,0,"{'Normal': 31, 'Blank': 12, 'Stack': 3, 'Lock': 1, 'Plank': 0, 'Ice': 0, 'StackLock': 2, 'Grass': 0, 'Ads': 0, 'CameraPicture': 0}",280,32.2,71.0,51.6,45.4
7,7,49,121,25,30,7,31,19,5,1,11,2,144,3,1,15,"{'Normal': 25, 'Blank': 12, 'Stack': 5, 'Lock': 1, 'Plank': 0, 'Ice': 3, 'StackLock': 2, 'Grass': 0, 'Ads': 1, 'CameraPicture': 0}",281,35.1,36.7,35.9,44.2
7,7,49,123,27,29,5,24,18,8,2,23,4,293,0,0,14,"{'Normal': 27, 'Blank': 12, 'Stack': 1, 'Lock': 2, 'Plank': 1, 'Ice': 2, 'StackLock': 4, 'Grass': 0, 'Ads': 0, 'CameraPicture': 0}",282,38.5,41.7,40.1,42.0
7,7,49,133,28,29,6,24,13,3,1,5,1,148,0,0,9,"{'Normal': 28, 'Blank': 12, 'Stack': 5, 'Lock': 1, 'Plank': 1, 'Ice': 1, 'StackLock': 1, 'Grass': 0, 'Ads': 0, 'CameraPicture': 0}",283,29.8,50.2,40.0,42.2
7,7,49,118,24,41,9,41,22,0,0,21,5,252,15,3,0,"{'Normal': 24, 'Blank': 12, 'Stack': 4, 'Lock': 0, 'Plank': 0, 'Ice': 0, 'StackLock': 5, 'Grass': 0, 'Ads': 4, 'CameraPicture': 0}",284,39.1,45.3,42.2,47.6
7,7,49,141,29,21,5,25,17,6,2,3,1,190,0,0,6,"{'Normal': 29, 'Blank': 12, 'Stack': 4, 'Lock': 2, 'Plank': 0, 'Ice': 1, 'StackLock': 1, 'Grass': 0, 'Ads': 0, 'CameraPicture': 0}",285,32.2,73.8,53.0,48.5
7,7,49,117,25,32,7,39,24,12,2,8,2,333,8,2,5,"{'Normal': 25, 'Blank': 12, 'Stack': 5, 'Lock': 2, 'Plank': 1, 'Ice': 0, 'StackLock': 2, 'Grass': 0, 'Ads': 2, 'CameraPicture': 0}",286,41.3,84.5,62.9,47.5
7,7,49,127,27,39,8,31,20,0,0,10,2,114,0,0,8,"{'Normal': 27, 'Blank': 12, 'Stack': 6, 'Lock': 0, 'Plank': 1, 'Ice': 1, 'StackLock': 2, 'Grass': 0, 'Ads': 0, 'CameraPicture': 0}",287,33.8,55.1,44.4,49.9
7,7,49,125,26,32,7,29,18,2,1,3,1,116,0,0,15,"{'Normal': 26, 'Blank': 12, 'Stack': 6, 'Lock': 1, 'Plank': 2, 'Ice': 1, 'StackLock': 1, 'Grass': 0, 'Ads': 0, 'CameraPicture': 0}",288,32.4,37.1,34.8,51.5
7,7,49,134,27,20,6,29,22,8,2,0,0,140,12,2,0,"{'Normal': 27, 'Blank': 12, 'Stack': 6, 'Lock': 2, 'Plank': 0, 'Ice': 0, 'StackLock': 0, 'Grass': 0, 'Ads': 2, 'CameraPicture': 0}",289,32.1,77.2,54.6,48.0
7,7,49,127,28,36,7,43,30,6,1,11,2,251,5,1,0,"{'Normal': 28, 'Blank': 12, 'Stack': 5, 'Lock': 1, 'Plank': 0, 'Ice': 0, 'StackLock': 2, 'Grass': 0, 'Ads': 1, 'CameraPicture': 0}",290,40.4,81.3,60.8,48.9
7,7,49,141,30,27,6,31,23,6,1,10,2,140,0,0,0,"{'Normal': 30, 'Blank': 12, 'Stack': 4, 'Lock': 1, 'Plank': 0, 'Ice': 0, 'StackLock': 2, 'Grass': 0, 'Ads': 0, 'CameraPicture': 0}",291,35.4,55.9,45.6,55.9
7,7,49,127,26,22,6,34,27,8,2,9,2,267,0,0,17,"{'Normal': 26, 'Blank': 12, 'Stack': 4, 'Lock': 2, 'Plank': 2, 'Ice': 1, 'StackLock': 2, 'Grass': 0, 'Ads': 0, 'CameraPicture': 0}",292,40.8,56.9,48.8,56.0
7,7,49,134,27,24,6,38,29,3,1,9,2,247,0,0,13,"{'Normal': 27, 'Blank': 12, 'Stack': 4, 'Lock': 1, 'Plank': 2, 'Ice': 1, 'StackLock': 2, 'Grass': 0, 'Ads': 0, 'CameraPicture': 0}",293,39.1,100.0,69.6,49.9
7,7,49,131,27,28,7,33,22,3,1,0,0,74,0,0,12,"{'Normal': 27, 'Blank': 12, 'Stack': 7, 'Lock': 1, 'Plank': 0, 'Ice': 2, 'StackLock': 0, 'Grass': 0, 'Ads': 0, 'CameraPicture': 0}",294,32.9,77.1,55.0,51.0
7,7,49,126,27,35,7,30,19,0,0,6,1,32,6,1,7,"{'Normal': 27, 'Blank': 12, 'Stack': 6, 'Lock': 0, 'Plank': 1, 'Ice': 1, 'StackLock': 1, 'Grass': 0, 'Ads': 1, 'CameraPicture': 0}",295,29.0,32.3,30.6,50.2
7,7,49,112,24,46,10,55,38,0,0,18,4,171,5,1,11,"{'Normal': 24, 'Blank': 12, 'Stack': 6, 'Lock': 0, 'Plank': 1, 'Ice': 1, 'StackLock': 4, 'Grass': 0, 'Ads': 1, 'CameraPicture': 0}",296,47.0,55.3,51.2,43.1
7,7,49,123,25,32,8,36,20,0,0,14,4,219,5,1,14,"{'Normal': 25, 'Blank': 12, 'Stack': 4, 'Lock': 0, 'Plank': 1, 'Ice': 2, 'StackLock': 4, 'Grass': 0, 'Ads': 1, 'CameraPicture': 0}",297,37.2,51.5,44.4,42.5
7,7,49,112,24,50,10,46,32,0,0,20,4,118,12,3,0,"{'Normal': 24, 'Blank': 12, 'Stack': 6, 'Lock': 0, 'Plank': 0, 'Ice': 0, 'StackLock': 4, 'Grass': 0, 'Ads': 3, 'CameraPicture': 0}",298,40.9,27.7,34.3,46.4
7,7,49,117,26,30,6,28,17,5,1,3,1,122,6,1,16,"{'Normal': 26, 'Blank': 12, 'Stack': 5, 'Lock': 1, 'Plank': 1, 'Ice': 0, 'StackLock': 1, 'Grass': 2, 'Ads': 1, 'CameraPicture': 0}",299,30.5,73.2,51.8,46.0
7,7,49,131,26,32,7,33,24,0,0,14,3,179,0,0,11,"{'Normal': 26, 'Blank': 12, 'Stack': 4, 'Lock': 0, 'Plank': 2, 'Ice': 1, 'StackLock': 3, 'Grass': 1, 'Ads': 0, 'CameraPicture': 0}",300,36.7,63.7,50.2,46.9
7,7,49,141,30,27,6,30,19,0,0,9,2,102,0,0,6,"{'Normal': 30, 'Blank': 12, 'Stack': 4, 'Lock': 0, 'Plank': 1, 'Ice': 0, 'StackLock': 2, 'Grass': 0, 'Ads': 0, 'CameraPicture': 0}",301,30.7,67.7,49.2,50.0
7,7,49,121,27,32,6,28,20,12,2,4,1,226,0,0,9,"{'Normal': 27, 'Blank': 12, 'Stack': 5, 'Lock': 2, 'Plank': 0, 'Ice': 1, 'StackLock': 1, 'Grass': 1, 'Ads': 0, 'CameraPicture': 0}",302,36.7,61.1,48.9,50.8
7,7,49,121,26,33,6,31,24,7,2,12,2,279,11,2,2,"{'Normal': 26, 'Blank': 12, 'Stack': 4, 'Lock': 2, 'Plank': 1, 'Ice': 0, 'StackLock': 2, 'Grass': 0, 'Ads': 2, 'CameraPicture': 0}",303,36.7,62.6,49.7,50.0
7,7,49,134,27,29,7,37,27,0,0,17,4,341,2,1,9,"{'Normal': 27, 'Blank': 12, 'Stack': 3, 'Lock': 0, 'Plank': 1, 'Ice': 0, 'StackLock': 4, 'Grass': 1, 'Ads': 1, 'CameraPicture': 0}",304,39.5,72.7,56.1,48.0
7,7,49,128,27,33,7,32,20,0,0,10,2,90,0,0,13,"{'Normal': 27, 'Blank': 12, 'Stack': 5, 'Lock': 0, 'Plank': 0, 'Ice': 0, 'StackLock': 2, 'Grass': 3, 'Ads': 0, 'CameraPicture': 0}",305,32.9,59.4,46.2,51.8
7,7,49,121,26,28,6,25,16,3,1,6,1,92,0,0,22,"{'Normal': 26, 'Blank': 12, 'Stack': 5, 'Lock': 1, 'Plank': 0, 'Ice': 3, 'StackLock': 1, 'Grass': 1, 'Ads': 0, 'CameraPicture': 0}",306,30.6,47.5,39.0,54.1
7,7,49,127,26,29,7,42,33,11,2,15,3,361,4,1,3,"{'Normal': 26, 'Blank': 12, 'Stack': 4, 'Lock': 2, 'Plank': 0, 'Ice': 0, 'StackLock': 3, 'Grass': 1, 'Ads': 1, 'CameraPicture': 0}",307,46.9,88.8,67.8,51.1
7,7,49,125,28,43,8,46,33,0,0,22,4,323,6,1,0,"{'Normal': 28, 'Blank': 12, 'Stack': 4, 'Lock': 0, 'Plank': 0, 'Ice': 0, 'StackLock': 4, 'Grass': 0, 'Ads': 1, 'CameraPicture': 0}",308,43.0,79.5,61.2,51.9
7,7,49,129,28,40,8,37,24,0,0,9,2,78,5,1,0,"{'Normal': 28, 'Blank': 12, 'Stack': 6, 'Lock': 0, 'Plank': 0, 'Ice': 0, 'StackLock': 2, 'Grass': 0, 'Ads': 1, 'CameraPicture': 0}",309,33.8,49.0,41.4,57.9
7,7,49,140,30,28,6,29,20,0,0,13,3,184,0,0,6,"{'Normal': 30, 'Blank': 12, 'Stack': 3, 'Lock': 0, 'Plank': 1, 'Ice': 0, 'StackLock': 3, 'Grass': 0, 'Ads': 0, 'CameraPicture': 0}",310,32.8,67.4,50.1,57.9
7,7,49,133,28,33,7,44,29,0,0,10,2,201,0,0,8,"{'Normal': 28, 'Blank': 12, 'Stack': 5, 'Lock': 0, 'Plank': 1, 'Ice': 0, 'StackLock': 2, 'Grass': 1, 'Ads': 0, 'CameraPicture': 0}",311,38.4,100.0,69.2,57.5
7,7,49,143,30,31,7,45,28,0,0,5,1,60,0,0,0,"{'Normal': 30, 'Blank': 12, 'Stack': 6, 'Lock': 0, 'Plank': 0, 'Ice': 0, 'StackLock': 1, 'Grass': 0, 'Ads': 0, 'CameraPicture': 0}",312,35.2,100.0,67.6,58.1
7,7,49,111,24,40,8,42,30,6,1,24,4,380,5,1,12,"{'Normal': 24, 'Blank': 12, 'Stack': 4, 'Lock': 1, 'Plank': 2, 'Ice': 1, 'StackLock': 4, 'Grass': 0, 'Ads': 1, 'CameraPicture': 0}",313,46.4,72.1,59.2,57.1
7,7,49,141,30,24,5,25,18,0,0,6,1,80,9,2,0,"{'Normal': 30, 'Blank': 12, 'Stack': 4, 'Lock': 0, 'Plank': 0, 'Ice': 0, 'StackLock': 1, 'Grass': 0, 'Ads': 2, 'CameraPicture': 0}",314,24.7,64.3,44.5,55.5
7,7,49,126,27,32,7,33,18,4,1,19,4,292,0,0,12,"{'Normal': 27, 'Blank': 12, 'Stack': 3, 'Lock': 1, 'Plank': 1, 'Ice': 1, 'StackLock': 4, 'Grass': 0, 'Ads': 0, 'CameraPicture': 0}",315,39.5,51.0,45.2,55.3
7,7,49,105,24,41,8,48,31,11,2,16,3,394,5,1,12,"{'Normal': 24, 'Blank': 12, 'Stack': 5, 'Lock': 2, 'Plank': 1, 'Ice': 1, 'StackLock': 3, 'Grass': 0, 'Ads': 1, 'CameraPicture': 0}",316,48.7,73.0,60.8,57.4
7,7,49,132,28,33,7,43,31,0,0,2,1,104,5,1,4,"{'Normal': 28, 'Blank': 12, 'Stack': 6, 'Lock': 0, 'Plank': 1, 'Ice': 0, 'StackLock': 1, 'Grass': 0, 'Ads': 1, 'CameraPicture': 0}",317,34.6,98.8,66.7,60.5
7,7,49,136,29,36,7,42,32,0,0,15,3,220,0,0,2,"{'Normal': 29, 'Blank': 12, 'Stack': 4, 'Lock': 0, 'Plank': 0, 'Ice': 0, 'StackLock': 3, 'Grass': 1, 'Ads': 0, 'CameraPicture': 0}",318,39.9,100.0,70.0,64.8
7,7,49,140,30,25,5,29,24,0,0,5,1,61,0,0,9,"{'Normal': 30, 'Blank': 12, 'Stack': 4, 'Lock': 0, 'Plank': 0, 'Ice': 2, 'StackLock': 1, 'Grass': 0, 'Ads': 0, 'CameraPicture': 0}",319,29.1,90.8,60.0,65.8
7,7,49,120,25,35,8,49,37,8,2,14,4,442,6,1,5,"{'Normal': 25, 'Blank': 12, 'Stack': 4, 'Lock': 2, 'Plank': 0, 'Ice': 0, 'StackLock': 4, 'Grass': 1, 'Ads': 1, 'CameraPicture': 0}",320,50.6,82.8,66.7,66.6
7,7,49,132,29,31,6,34,25,0,0,12,2,200,11,2,0,"{'Normal': 29, 'Blank': 12, 'Stack': 4, 'Lock': 0, 'Plank': 0, 'Ice': 0, 'StackLock': 2, 'Grass': 0, 'Ads': 2, 'CameraPicture': 0}",321,31.7,100.0,65.8,63.4
7,7,49,125,27,30,6,35,23,3,1,19,4,442,0,0,16,"{'Normal': 27, 'Blank': 12, 'Stack': 2, 'Lock': 1, 'Plank': 1, 'Ice': 0, 'StackLock': 4, 'Grass': 2, 'Ads': 0, 'CameraPicture': 0}",322,41.2,100.0,70.6,65.5
7,7,49,108,24,45,9,40,27,0,0,11,2,105,10,2,11,"{'Normal': 24, 'Blank': 12, 'Stack': 7, 'Lock': 0, 'Plank': 1, 'Ice': 0, 'StackLock': 2, 'Grass': 1, 'Ads': 2, 'CameraPicture': 0}",323,36.0,71.7,53.8,65.8
7,7,49,134,29,27,5,30,21,11,2,21,4,522,0,0,2,"{'Normal': 29, 'Blank': 12, 'Stack': 1, 'Lock': 2, 'Plank': 0, 'Ice': 1, 'StackLock': 4, 'Grass': 0, 'Ads': 0, 'CameraPicture': 0}",324,43.1,98.5,70.8,64.0
7,7,49,114,25,38,7,40,24,5,2,16,3,478,0,0,17,"{'Normal': 25, 'Blank': 12, 'Stack': 4, 'Lock': 2, 'Plank': 1, 'Ice': 0, 'StackLock': 3, 'Grass': 2, 'Ads': 0, 'CameraPicture': 0}",325,44.6,91.0,67.8,62.5
7,7,49,127,27,22,5,25,18,0,0,5,1,99,10,2,15,"{'Normal': 27, 'Blank': 12, 'Stack': 4, 'Lock': 0, 'Plank': 0, 'Ice': 2, 'StackLock': 1, 'Grass': 1, 'Ads': 2, 'CameraPicture': 0}",326,25.4,88.3,56.8,65.2
7,7,49,130,27,35,7,42,32,0,0,5,1,64,0,0,9,"{'Normal': 27, 'Blank': 12, 'Stack': 6, 'Lock': 0, 'Plank': 0, 'Ice': 3, 'StackLock': 1, 'Grass': 0, 'Ads': 0, 'CameraPicture': 0}",327,36.2,90.4,63.3,62.9
7,7,49,141,30,28,6,39,29,0,0,12,2,120,5,1,0,"{'Normal': 30, 'Blank': 12, 'Stack': 4, 'Lock': 0, 'Plank': 0, 'Ice': 0, 'StackLock': 2, 'Grass': 0, 'Ads': 1, 'CameraPicture': 0}",328,34.2,100.0,67.1,62.3
7,7,49,130,27,27,6,35,22,0,0,12,2,120,5,2,12,"{'Normal': 27, 'Blank': 12, 'Stack': 4, 'Lock': 0, 'Plank': 0, 'Ice': 2, 'StackLock': 2, 'Grass': 0, 'Ads': 2, 'CameraPicture': 0}",329,31.3,87.5,59.4,60.9
7,7,49,145,30,21,5,30,23,0,0,6,1,103,0,0,8,"{'Normal': 30, 'Blank': 12, 'Stack': 4, 'Lock': 0, 'Plank': 0, 'Ice': 1, 'StackLock': 1, 'Grass': 1, 'Ads': 0, 'CameraPicture': 0}",330,29.9,100.0,65.0,62.1
7,7,49,124,26,22,5,26,19,0,0,3,1,88,3,1,25,"{'Normal': 26, 'Blank': 12, 'Stack': 4, 'Lock': 0, 'Plank': 1, 'Ice': 2, 'StackLock': 1, 'Grass': 2, 'Ads': 1, 'CameraPicture': 0}",331,27.1,72.3,49.7,61.6
7,7,49,137,29,28,6,35,28,6,1,8,2,282,0,0,3,"{'Normal': 29, 'Blank': 12, 'Stack': 4, 'Lock': 1, 'Plank': 1, 'Ice': 0, 'StackLock': 2, 'Grass': 0, 'Ads': 0, 'CameraPicture': 0}",332,38.8,100.0,69.4,59.9
7,7,49,113,24,34,8,48,33,4,1,15,4,471,5,1,18,"{'Normal': 24, 'Blank': 12, 'Stack': 4, 'Lock': 1, 'Plank': 0, 'Ice': 2, 'StackLock': 4, 'Grass': 1, 'Ads': 1, 'CameraPicture': 0}",333,47.6,81.5,64.6,55.6
7,7,49,140,30,26,5,28,19,5,1,6,1,181,3,1,0,"{'Normal': 30, 'Blank': 12, 'Stack': 4, 'Lock': 1, 'Plank': 0, 'Ice': 0, 'StackLock': 1, 'Grass': 0, 'Ads': 1, 'CameraPicture': 0}",334,30.5,70.6,50.6,55.6
7,7,49,137,30,25,5,25,17,0,0,4,1,48,6,1,6,"{'Normal': 30, 'Blank': 12, 'Stack': 4, 'Lock': 0, 'Plank': 0, 'Ice': 1, 'StackLock': 1, 'Grass': 0, 'Ads': 1, 'CameraPicture': 0}",335,25.0,62.1,43.6,54.7
7,7,49,133,28,31,7,37,26,5,1,3,1,143,0,0,5,"{'Normal': 28, 'Blank': 12, 'Stack': 6, 'Lock': 1, 'Plank': 1, 'Ice': 0, 'StackLock': 1, 'Grass': 0, 'Ads': 0, 'CameraPicture': 0}",336,36.8,62.6,49.7,51.3
7,7,49,126,27,40,8,46,34,0,0,13,3,249,6,1,2,"{'Normal': 27, 'Blank': 12, 'Stack': 5, 'Lock': 0, 'Plank': 0, 'Ice': 1, 'StackLock': 3, 'Grass': 0, 'Ads': 1, 'CameraPicture': 0}",337,41.2,89.3,65.2,50.9
7,7,49,123,28,27,5,24,15,6,1,0,0,70,0,0,18,"{'Normal': 28, 'Blank': 12, 'Stack': 5, 'Lock': 1, 'Plank': 1, 'Ice': 0, 'StackLock': 0, 'Grass': 2, 'Ads': 0, 'CameraPicture': 0}",338,27.8,67.0,47.4,53.3
7,7,49,120,26,36,7,34,24,0,0,0,0,2,15,3,3,"{'Normal': 26, 'Blank': 12, 'Stack': 7, 'Lock': 0, 'Plank': 0, 'Ice': 1, 'StackLock': 0, 'Grass': 0, 'Ads': 3, 'CameraPicture': 0}",339,26.9,70.4,48.7,49.8
7,7,49,130,27,31,7,35,23,0,0,20,4,239,0,0,13,"{'Normal': 27, 'Blank': 12, 'Stack': 3, 'Lock': 0, 'Plank': 1, 'Ice': 0, 'StackLock': 4, 'Grass': 2, 'Ads': 0, 'CameraPicture': 0}",340,38.5,72.8,55.6,46.0
7,7,49,136,30,35,6,28,18,0,0,6,1,34,0,0,3,"{'Normal': 30, 'Blank': 12, 'Stack': 5, 'Lock': 0, 'Plank': 1, 'Ice': 0, 'StackLock': 1, 'Grass': 0, 'Ads': 0, 'CameraPicture': 0}",341,28.0,36.6,32.3,46.4
7,7,49,123,27,35,7,34,22,0,0,6,2,151,5,1,11,"{'Normal': 27, 'Blank': 12, 'Stack': 5, 'Lock': 0, 'Plank': 1, 'Ice': 0, 'StackLock': 2, 'Grass': 1, 'Ads': 1, 'CameraPicture': 0}",342,32.4,60.0,46.2,49.2
7,7,49,139,30,29,6,29,18,0,0,19,4,278,0,0,6,"{'Normal': 30, 'Blank': 12, 'Stack': 2, 'Lock': 0, 'Plank': 0, 'Ice': 1, 'StackLock': 4, 'Grass': 0, 'Ads': 0, 'CameraPicture': 0}",343,34.6,63.6,49.1,51.5
7,7,49,143,28,24,7,41,28,5,1,14,4,359,0,0,2,"{'Normal': 28, 'Blank': 12, 'Stack': 3, 'Lock': 1, 'Plank': 0, 'Ice': 0, 'StackLock': 4, 'Grass': 1, 'Ads': 0, 'CameraPicture': 0}",344,44.3,81.0,62.6,54.3
7,7,49,146,30,28,7,41,28,0,0,15,3,213,0,0,0,"{'Normal': 30, 'Blank': 12, 'Stack': 4, 'Lock': 0, 'Plank': 0, 'Ice': 0, 'StackLock': 3, 'Grass': 0, 'Ads': 0, 'CameraPicture': 0}",345,38.8,95.9,67.4,57.9
7,7,49,134,29,32,6,30,17,0,0,18,3,199,6,1,2,"{'Normal': 29, 'Blank': 12, 'Stack': 3, 'Lock': 0, 'Plank': 1, 'Ice': 0, 'StackLock': 3, 'Grass': 0, 'Ads': 1, 'CameraPicture': 0}",346,31.8,61.1,46.4,57.8
7,7,49,122,27,37,7,45,34,12,2,24,4,490,0,0,3,"{'Normal': 27, 'Blank': 12, 'Stack': 3, 'Lock': 2, 'Plank': 0, 'Ice': 1, 'StackLock': 4, 'Grass': 0, 'Ads': 0, 'CameraPicture': 0}",347,51.7,76.5,64.1,55.7
7,7,49,126,26,37,8,41,26,0,0,13,3,137,2,1,9,"{'Normal': 26, 'Blank': 12, 'Stack': 5, 'Lock': 0, 'Plank': 0, 'Ice': 1, 'StackLock': 3, 'Grass': 1, 'Ads': 1, 'CameraPicture': 0}",348,37.7,59.2,48.4,54.8
7,7,49,128,28,28,5,27,19,0,0,0,0,0,12,2,6,"{'Normal': 28, 'Blank': 12, 'Stack': 5, 'Lock': 0, 'Plank': 0, 'Ice': 0, 'StackLock': 0, 'Grass': 2, 'Ads': 2, 'CameraPicture': 0}",349,23.2,81.4,52.3,53.5
7,7,49,126,27,30,7,42,29,6,1,11,2,221,12,2,0,"{'Normal': 27, 'Blank': 12, 'Stack': 5, 'Lock': 1, 'Plank': 0, 'Ice': 0, 'StackLock': 2, 'Grass': 0, 'Ads': 2, 'CameraPicture': 0}",350,38.8,87.1,63.0,50.2
7,7,49,126,27,26,5,18,10,3,1,6,1,152,3,1,16,"{'Normal': 27, 'Blank': 12, 'Stack': 4, 'Lock': 1, 'Plank': 0, 'Ice': 2, 'StackLock': 1, 'Grass': 1, 'Ads': 1, 'CameraPicture': 0}",351,26.0,53.4,39.7,50.9
7,7,49,130,27,32,7,35,23,0,0,3,1,112,5,1,7,"{'Normal': 27, 'Blank': 12, 'Stack': 6, 'Lock': 0, 'Plank': 0, 'Ice': 2, 'StackLock': 1, 'Grass': 0, 'Ads': 1, 'CameraPicture': 0}",352,31.7,63.1,47.4,50.5
7,7,49,111,25,28,6,29,21,12,2,6,2,293,6,1,17,"{'Normal': 25, 'Blank': 12, 'Stack': 4, 'Lock': 2, 'Plank': 0, 'Ice': 2, 'StackLock': 2, 'Grass': 1, 'Ads': 1, 'CameraPicture': 0}",353,37.9,66.1,52.0,48.4
7,7,49,142,28,14,5,24,15,3,1,3,1,122,6,1,9,"{'Normal': 28, 'Blank': 12, 'Stack': 4, 'Lock': 1, 'Plank': 1, 'Ice': 0, 'StackLock': 1, 'Grass': 1, 'Ads': 1, 'CameraPicture': 0}",354,28.1,72.4,50.2,45.7
5,5,25,50,12,17,4,23,17,0,0,5,1,45,0,0,13,"{'Normal': 12, 'Blank': 6, 'Stack': 3, 'Lock': 0, 'Plank': 0, 'Ice': 1, 'StackLock': 1, 'Grass': 2, 'Ads': 0, 'CameraPicture': 0}",355,48.6,57.0,52.8,45.0
7,7,49,137,28,25,5,21,13,2,1,0,0,32,0,0,10,"{'Normal': 28, 'Blank': 12, 'Stack': 5, 'Lock': 1, 'Plank': 0, 'Ice': 1, 'StackLock': 0, 'Grass': 2, 'Ads': 0, 'CameraPicture': 0}",356,25.6,26.9,26.2,46.9
7,7,49,121,27,29,5,24,15,12,2,5,1,156,4,1,8,"{'Normal': 27, 'Blank': 12, 'Stack': 4, 'Lock': 2, 'Plank': 1, 'Ice': 0, 'StackLock': 1, 'Grass': 1, 'Ads': 1, 'CameraPicture': 0}",357,32.0,55.6,43.8,47.8
7,7,49,132,29,37,7,42,27,5,1,15,3,270,0,0,0,"{'Normal': 29, 'Blank': 12, 'Stack': 4, 'Lock': 1, 'Plank': 0, 'Ice': 0, 'StackLock': 3, 'Grass': 0, 'Ads': 0, 'CameraPicture': 0}",358,41.7,81.7,61.7,50.1
5,5,25,50,11,19,5,25,17,3,1,5,1,134,6,1,2,"{'Normal': 11, 'Blank': 6, 'Stack': 4, 'Lock': 1, 'Plank': 1, 'Ice': 0, 'StackLock': 1, 'Grass': 0, 'Ads': 1, 'CameraPicture': 0}",359,51.9,57.0,54.4,53.9
5,5,25,53,12,17,4,21,15,0,0,7,2,255,4,1,6,"{'Normal': 12, 'Blank': 6, 'Stack': 2, 'Lock': 0, 'Plank': 1, 'Ice': 1, 'StackLock': 2, 'Grass': 0, 'Ads': 1, 'CameraPicture': 0}",360,49.6,78.8,64.2,56.6
7,7,49,139,30,29,6,33,24,0,0,6,1,105,6,1,0,"{'Normal': 30, 'Blank': 12, 'Stack': 5, 'Lock': 0, 'Plank': 0, 'Ice': 0, 'StackLock': 1, 'Grass': 0, 'Ads': 1, 'CameraPicture': 0}",361,30.0,60.3,45.2,60.1
5,5,25,60,14,14,4,23,14,0,0,4,1,82,0,0,6,"{'Normal': 14, 'Blank': 6, 'Stack': 3, 'Lock': 0, 'Plank': 0, 'Ice': 0, 'StackLock': 1, 'Grass': 1, 'Ads': 0, 'CameraPicture': 0}",362,47.7,67.3,57.5,62.3
5,5,25,46,10,21,6,42,29,0,0,3,1,144,0,0,13,"{'Normal': 10, 'Blank': 6, 'Stack': 5, 'Lock': 0, 'Plank': 0, 'Ice': 2, 'StackLock': 1, 'Grass': 1, 'Ads': 0, 'CameraPicture': 0}",363,58.5,100.0,79.2,63.1
5,5,25,45,12,29,6,35,23,0,0,0,0,0,6,1,0,"{'Normal': 12, 'Blank': 6, 'Stack': 6, 'Lock': 0, 'Plank': 0, 'Ice': 0, 'StackLock': 0, 'Grass': 0, 'Ads': 1, 'CameraPicture': 0}",364,50.8,80.0,65.4,66.9
5,5,25,50,11,25,7,45,32,0,0,8,2,106,0,0,5,"{'Normal': 11, 'Blank': 6, 'Stack': 5, 'Lock': 0, 'Plank': 0, 'Ice': 1, 'StackLock': 2, 'Grass': 0, 'Ads': 0, 'CameraPicture': 0}",365,61.4,75.2,68.3,67.7
5,5,25,44,11,31,7,41,30,5,1,23,5,285,0,0,0,"{'Normal': 11, 'Blank': 6, 'Stack': 2, 'Lock': 1, 'Plank': 0, 'Ice': 0, 'StackLock': 5, 'Grass': 0, 'Ads': 0, 'CameraPicture': 0}",366,68.3,60.2,64.2,66.5
5,5,25,58,13,22,6,37,27,0,0,8,3,144,0,0,0,"{'Normal': 13, 'Blank': 6, 'Stack': 3, 'Lock': 0, 'Plank': 0, 'Ice': 0, 'StackLock': 3, 'Grass': 0, 'Ads': 0, 'CameraPicture': 0}",367,58.3,64.4,61.4,64.8
5,5,25,48,12,24,5,26,17,4,1,0,0,78,0,0,4,"{'Normal': 12, 'Blank': 6, 'Stack': 5, 'Lock': 1, 'Plank': 0, 'Ice': 0, 'StackLock': 0, 'Grass': 1, 'Ads': 0, 'CameraPicture': 0}",368,51.2,95.0,73.1,62.9
5,5,25,48,11,16,5,22,12,10,2,4,1,188,0,0,6,"{'Normal': 11, 'Blank': 6, 'Stack': 4, 'Lock': 2, 'Plank': 0, 'Ice': 0, 'StackLock': 1, 'Grass': 1, 'Ads': 0, 'CameraPicture': 0}",369,55.1,58.7,56.9,60.9
5,5,25,50,12,20,5,24,18,0,0,5,2,133,0,0,10,"{'Normal': 12, 'Blank': 6, 'Stack': 3, 'Lock': 0, 'Plank': 2, 'Ice': 0, 'StackLock': 2, 'Grass': 0, 'Ads': 0, 'CameraPicture': 0}",370,51.5,66.7,59.1,58.1
5,5,25,50,13,24,5,28,19,0,0,11,2,144,0,0,6,"{'Normal': 13, 'Blank': 6, 'Stack': 3, 'Lock': 0, 'Plank': 1, 'Ice': 0, 'StackLock': 2, 'Grass': 0, 'Ads': 0, 'CameraPicture': 0}",371,52.9,55.1,54.0,58.4
5,5,25,54,13,20,5,24,13,0,0,0,0,3,0,0,6,"{'Normal': 13, 'Blank': 6, 'Stack': 5, 'Lock': 0, 'Plank': 0, 'Ice': 1, 'StackLock': 0, 'Grass': 0, 'Ads': 0, 'CameraPicture': 0}",372,46.7,48.2,47.4,57.5
5,5,25,60,14,18,4,24,16,0,0,5,1,143,0,0,2,"{'Normal': 14, 'Blank': 6, 'Stack': 3, 'Lock': 0, 'Plank': 1, 'Ice': 0, 'StackLock': 1, 'Grass': 0, 'Ads': 0, 'CameraPicture': 0}",373,49.1,100.0,74.6,58.5
5,5,25,58,14,17,4,18,11,0,0,0,0,1,0,0,5,"{'Normal': 14, 'Blank': 6, 'Stack': 4, 'Lock': 0, 'Plank': 0, 'Ice': 1, 'StackLock': 0, 'Grass': 0, 'Ads': 0, 'CameraPicture': 0}",374,43.9,61.4,52.6,58.8
5,5,25,54,13,20,5,28,20,0,0,9,2,204,0,0,6,"{'Normal': 13, 'Blank': 6, 'Stack': 3, 'Lock': 0, 'Plank': 1, 'Ice': 0, 'StackLock': 2, 'Grass': 0, 'Ads': 0, 'CameraPicture': 0}",375,53.8,74.3,64.0,61.0
5,5,25,52,13,20,4,18,12,3,1,0,0,64,0,0,5,"{'Normal': 13, 'Blank': 6, 'Stack': 4, 'Lock': 1, 'Plank': 0, 'Ice': 0, 'StackLock': 0, 'Grass': 1, 'Ads': 0, 'CameraPicture': 0}",376,46.8,64.4,55.6,58.5
5,5,25,61,14,13,3,16,10,0,0,5,1,120,0,0,6,"{'Normal': 14, 'Blank': 6, 'Stack': 2, 'Lock': 0, 'Plank': 0, 'Ice': 1, 'StackLock': 1, 'Grass': 1, 'Ads': 0, 'CameraPicture': 0}",377,45.0,71.9,58.4,61.2
5,5,25,46,10,18,6,37,30,5,1,3,1,173,0,0,11,"{'Normal': 10, 'Blank': 6, 'Stack': 5, 'Lock': 1, 'Plank': 2, 'Ice': 0, 'StackLock': 1, 'Grass': 0, 'Ads': 0, 'CameraPicture': 0}",378,60.7,63.5,62.1,62.1
5,5,25,48,11,20,5,28,18,0,0,6,1,92,0,0,12,"{'Normal': 11, 'Blank': 6, 'Stack': 4, 'Lock': 0, 'Plank': 0, 'Ice': 2, 'StackLock': 1, 'Grass': 1, 'Ads': 0, 'CameraPicture': 0}",379,51.6,80.6,66.1,59.1
5,5,25,46,12,34,7,41,30,0,0,19,4,305,0,0,0,"{'Normal': 12, 'Blank': 6, 'Stack': 3, 'Lock': 0, 'Plank': 0, 'Ice': 0, 'StackLock': 4, 'Grass': 0, 'Ads': 0, 'CameraPicture': 0}",380,64.2,72.6,68.4,57.4
5,5,25,57,14,20,4,14,8,0,0,6,1,52,3,1,0,"{'Normal': 14, 'Blank': 6, 'Stack': 3, 'Lock': 0, 'Plank': 0, 'Ice': 0, 'StackLock': 1, 'Grass': 0, 'Ads': 1, 'CameraPicture': 0}",381,43.0,38.2,40.6,55.3
5,5,25,52,12,28,7,40,25,0,0,6,1,34,0,0,0,"{'Normal': 12, 'Blank': 6, 'Stack': 6, 'Lock': 0, 'Plank': 0, 'Ice': 0, 'StackLock': 1, 'Grass': 0, 'Ads': 0, 'CameraPicture': 0}",382,56.7,43.2,50.0,52.3
5,5,25,54,12,21,5,25,18,0,0,8,2,136,3,1,2,"{'Normal': 12, 'Blank': 6, 'Stack': 3, 'Lock': 0, 'Plank': 0, 'Ice': 1, 'StackLock': 2, 'Grass': 0, 'Ads': 1, 'CameraPicture': 0}",383,51.1,51.7,51.4,51.0
5,5,25,43,11,29,6,33,23,5,1,0,0,51,0,0,3,"{'Normal': 11, 'Blank': 6, 'Stack': 6, 'Lock': 1, 'Plank': 1, 'Ice': 0, 'StackLock': 0, 'Grass': 0, 'Ads': 0, 'CameraPicture': 0}",384,55.2,46.8,51.0,56.8
5,5,25,57,14,14,3,21,17,5,1,0,0,72,0,0,4,"{'Normal': 14, 'Blank': 6, 'Stack': 3, 'Lock': 1, 'Plank': 1, 'Ice': 0, 'StackLock': 0, 'Grass': 0, 'Ads': 0, 'CameraPicture': 0}",385,48.3,75.3,61.8,57.8
5,5,25,50,12,22,5,33,27,0,0,2,1,56,0,0,8,"{'Normal': 12, 'Blank': 6, 'Stack': 4, 'Lock': 0, 'Plank': 1, 'Ice': 0, 'StackLock': 1, 'Grass': 1, 'Ads': 0, 'CameraPicture': 0}",386,53.6,85.9,69.8,56.1
5,5,25,53,13,23,5,24,17,4,1,8,2,144,0,0,0,"{'Normal': 13, 'Blank': 6, 'Stack': 3, 'Lock': 1, 'Plank': 0, 'Ice': 0, 'StackLock': 2, 'Grass': 0, 'Ads': 0, 'CameraPicture': 0}",387,53.8,56.5,55.2,58.4
5,5,25,50,12,23,5,19,11,0,0,6,1,38,0,0,7,"{'Normal': 12, 'Blank': 6, 'Stack': 4, 'Lock': 0, 'Plank': 1, 'Ice': 1, 'StackLock': 1, 'Grass': 0, 'Ads': 0, 'CameraPicture': 0}",388,47.3,38.5,42.9,58.8
5,5,25,61,15,13,3,17,12,6,1,0,0,72,0,0,0,"{'Normal': 15, 'Blank': 6, 'Stack': 3, 'Lock': 1, 'Plank': 0, 'Ice': 0, 'StackLock': 0, 'Grass': 0, 'Ads': 0, 'CameraPicture': 0}",389,46.4,78.6,62.5,56.4
5,5,25,64,15,13,3,19,14,0,0,6,1,92,3,1,0,"{'Normal': 15, 'Blank': 6, 'Stack': 2, 'Lock': 0, 'Plank': 0, 'Ice': 0, 'StackLock': 1, 'Grass': 0, 'Ads': 1, 'CameraPicture': 0}",390,44.9,82.7,63.8,55.7
5,5,25,48,12,16,4,21,14,16,3,5,1,246,0,0,0,"{'Normal': 12, 'Blank': 6, 'Stack': 3, 'Lock': 3, 'Plank': 0, 'Ice': 0, 'StackLock': 1, 'Grass': 0, 'Ads': 0, 'CameraPicture': 0}",391,57.7,57.2,57.4,61.3
5,5,25,55,14,19,4,19,14,0,0,6,1,101,6,1,0,"{'Normal': 14, 'Blank': 6, 'Stack': 3, 'Lock': 0, 'Plank': 0, 'Ice': 0, 'StackLock': 1, 'Grass': 0, 'Ads': 1, 'CameraPicture': 0}",392,45.8,58.3,52.0,61.8
5,5,25,58,15,17,3,16,9,0,0,0,0,3,0,0,5,"{'Normal': 15, 'Blank': 6, 'Stack': 3, 'Lock': 0, 'Plank': 0, 'Ice': 1, 'StackLock': 0, 'Grass': 0, 'Ads': 0, 'CameraPicture': 0}",393,41.6,100.0,70.8,56.6
5,5,25,51,11,19,5,31,22,0,0,0,0,5,0,0,10,"{'Normal': 11, 'Blank': 6, 'Stack': 5, 'Lock': 0, 'Plank': 0, 'Ice': 2, 'StackLock': 0, 'Grass': 1, 'Ads': 0, 'CameraPicture': 0}",394,51.0,78.5,64.8,56.0
5,5,25,55,14,15,3,13,8,0,0,6,1,33,0,0,10,"{'Normal': 14, 'Blank': 6, 'Stack': 2, 'Lock': 0, 'Plank': 1, 'Ice': 1, 'StackLock': 1, 'Grass': 0, 'Ads': 0, 'CameraPicture': 0}",395,42.9,33.6,38.2,56.0
5,5,25,53,13,25,5,23,16,0,0,14,3,131,0,0,2,"{'Normal': 13, 'Blank': 6, 'Stack': 2, 'Lock': 0, 'Plank': 0, 'Ice': 1, 'StackLock': 3, 'Grass': 0, 'Ads': 0, 'CameraPicture': 0}",396,52.3,56.6,54.4,49.3
5,5,25,48,12,26,6,26,17,0,0,5,1,40,0,0,6,"{'Normal': 12, 'Blank': 6, 'Stack': 5, 'Lock': 0, 'Plank': 0, 'Ice': 0, 'StackLock': 1, 'Grass': 1, 'Ads': 0, 'CameraPicture': 0}",397,50.8,52.8,51.8,49.2
5,5,25,58,14,13,3,14,10,6,1,0,0,33,0,0,3,"{'Normal': 14, 'Blank': 6, 'Stack': 3, 'Lock': 1, 'Plank': 0, 'Ice': 1, 'StackLock': 0, 'Grass': 0, 'Ads': 0, 'CameraPicture': 0}",398,45.3,28.9,37.1,52.3
5,5,25,58,14,16,4,25,19,6,1,7,2,244,0,0,0,"{'Normal': 14, 'Blank': 6, 'Stack': 2, 'Lock': 1, 'Plank': 0, 'Ice': 0, 'StackLock': 2, 'Grass': 0, 'Ads': 0, 'CameraPicture': 0}",399,54.9,74.5,64.7,54.1
5,5,25,55,13,11,3,14,8,0,0,3,1,81,4,1,10,"{'Normal': 13, 'Blank': 6, 'Stack': 2, 'Lock': 0, 'Plank': 0, 'Ice': 1, 'StackLock': 1, 'Grass': 1, 'Ads': 1, 'CameraPicture': 0}",400,42.4,64.9,53.6,56.0
5,5,25,43,11,29,6,35,26,0,0,9,2,166,0,0,8,"{'Normal': 11, 'Blank': 6, 'Stack': 4, 'Lock': 0, 'Plank': 0, 'Ice': 1, 'StackLock': 2, 'Grass': 1, 'Ads': 0, 'CameraPicture': 0}",401,57.4,68.9,63.2,59.5
5,5,25,42,11,24,5,30,21,12,2,11,2,247,2,1,0,"{'Normal': 11, 'Blank': 6, 'Stack': 3, 'Lock': 2, 'Plank': 0, 'Ice': 0, 'StackLock': 2, 'Grass': 0, 'Ads': 1, 'CameraPicture': 0}",402,60.1,62.3,61.2,58.4
5,5,25,58,14,18,4,22,17,0,0,0,0,0,0,0,4,"{'Normal': 14, 'Blank': 6, 'Stack': 4, 'Lock': 0, 'Plank': 0, 'Ice': 0, 'StackLock': 0, 'Grass': 1, 'Ads': 0, 'CameraPicture': 0}",403,46.1,63.8,55.0,58.8
5,5,25,58,14,14,3,13,6,5,1,0,0,70,0,0,3,"{'Normal': 14, 'Blank': 6, 'Stack': 3, 'Lock': 1, 'Plank': 1, 'Ice': 0, 'StackLock': 0, 'Grass': 0, 'Ads': 0, 'CameraPicture': 0}",404,44.1,73.9,59.0,54.8
5,5,25,50,12,21,5,23,16,0,0,9,2,150,4,1,5,"{'Normal': 12, 'Blank': 6, 'Stack': 3, 'Lock': 0, 'Plank': 0, 'Ice': 0, 'StackLock': 2, 'Grass': 1, 'Ads': 1, 'CameraPicture': 0}",405,50.2,60.6,55.4,56.0
5,5,25,66,16,8,2,8,5,0,0,0,0,3,0,0,6,"{'Normal': 16, 'Blank': 6, 'Stack': 2, 'Lock': 0, 'Plank': 0, 'Ice': 1, 'StackLock': 0, 'Grass': 0, 'Ads': 0, 'CameraPicture': 0}",406,38.2,48.6,43.4,57.8
5,5,25,68,15,9,3,18,13,0,0,2,1,133,3,1,0,"{'Normal': 15, 'Blank': 6, 'Stack': 2, 'Lock': 0, 'Plank': 0, 'Ice': 0, 'StackLock': 1, 'Grass': 0, 'Ads': 1, 'CameraPicture': 0}",407,44.6,90.0,67.3,56.5
5,5,25,63,15,13,3,17,11,0,0,7,2,251,0,0,4,"{'Normal': 15, 'Blank': 6, 'Stack': 1, 'Lock': 0, 'Plank': 1, 'Ice': 0, 'StackLock': 2, 'Grass': 0, 'Ads': 0, 'CameraPicture': 0}",408,47.4,80.7,64.0,56.9
5,5,25,64,14,16,5,28,21,0,0,10,3,143,0,0,0,"{'Normal': 14, 'Blank': 6, 'Stack': 2, 'Lock': 0, 'Plank': 0, 'Ice': 0, 'StackLock': 3, 'Grass': 0, 'Ads': 0, 'CameraPicture': 0}",409,54.3,50.1,52.2,64.4
5,5,25,51,13,19,4,20,11,0,0,6,1,52,0,0,10,"{'Normal': 13, 'Blank': 6, 'Stack': 3, 'Lock': 0, 'Plank': 0, 'Ice': 2, 'StackLock': 1, 'Grass': 0, 'Ads': 0, 'CameraPicture': 0}",410,46.3,68.5,57.4,66.1
5,5,25,53,11,16,5,38,31,8,2,3,1,300,3,1,0,"{'Normal': 11, 'Blank': 6, 'Stack': 4, 'Lock': 2, 'Plank': 0, 'Ice': 0, 'StackLock': 1, 'Grass': 0, 'Ads': 1, 'CameraPicture': 0}",411,62.1,100.0,81.0,65.1
5,5,25,54,14,20,4,27,21,0,0,11,2,120,0,0,6,"{'Normal': 14, 'Blank': 6, 'Stack': 2, 'Lock': 0, 'Plank': 0, 'Ice': 0, 'StackLock': 2, 'Grass': 1, 'Ads': 0, 'CameraPicture': 0}",412,51.9,100.0,76.0,65.5
5,5,25,54,13,12,3,14,9,3,1,0,0,73,0,0,11,"{'Normal': 13, 'Blank': 6, 'Stack': 3, 'Lock': 1, 'Plank': 1, 'Ice': 1, 'StackLock': 0, 'Grass': 0, 'Ads': 0, 'CameraPicture': 0}",413,44.7,73.2,59.0,63.1
5,5,25,68,16,12,3,15,8,0,0,3,1,48,0,0,0,"{'Normal': 16, 'Blank': 6, 'Stack': 2, 'Lock': 0, 'Plank': 0, 'Ice': 0, 'StackLock': 1, 'Grass': 0, 'Ads': 0, 'CameraPicture': 0}",414,42.9,65.4,54.2,59.5
5,5,25,67,16,11,2,10,6,0,0,0,0,0,0,0,2,"{'Normal': 16, 'Blank': 6, 'Stack': 2, 'Lock': 0, 'Plank': 0, 'Ice': 0, 'StackLock': 0, 'Grass': 1, 'Ads': 0, 'CameraPicture': 0}",415,38.8,52.0,45.4,59.8
5,5,25,57,14,21,4,26,22,0,0,12,2,105,0,0,2,"{'Normal': 14, 'Blank': 6, 'Stack': 2, 'Lock': 0, 'Plank': 1, 'Ice': 0, 'StackLock': 2, 'Grass': 0, 'Ads': 0, 'CameraPicture': 0}",416,52.0,74.1,63.0,62.6
5,5,25,63,14,17,5,36,29,0,0,6,1,100,0,0,0,"{'Normal': 14, 'Blank': 6, 'Stack': 4, 'Lock': 0, 'Plank': 0, 'Ice': 0, 'StackLock': 1, 'Grass': 0, 'Ads': 0, 'CameraPicture': 0}",417,55.4,99.9,77.6,65.5
5,5,25,58,14,16,4,25,20,0,0,0,0,0,6,1,0,"{'Normal': 14, 'Blank': 6, 'Stack': 4, 'Lock': 0, 'Plank': 0, 'Ice': 0, 'StackLock': 0, 'Grass': 0, 'Ads': 1, 'CameraPicture': 0}",418,46.1,100.0,73.0,69.6
5,5,25,56,14,20,4,24,18,0,0,0,0,0,4,1,0,"{'Normal': 14, 'Blank': 6, 'Stack': 4, 'Lock': 0, 'Plank': 0, 'Ice': 0, 'StackLock': 0, 'Grass': 0, 'Ads': 1, 'CameraPicture': 0}",419,45.4,91.8,68.6,71.5
5,5,25,57,14,17,3,18,12,0,0,11,2,150,0,0,6,"{'Normal': 14, 'Blank': 6, 'Stack': 1, 'Lock': 0, 'Plank': 1, 'Ice': 1, 'StackLock': 2, 'Grass': 0, 'Ads': 0, 'CameraPicture': 0}",420,47.4,83.8,65.6,71.2
5,5,25,54,13,20,4,24,15,0,0,0,0,2,4,1,2,"{'Normal': 13, 'Blank': 6, 'Stack': 4, 'Lock': 0, 'Plank': 0, 'Ice': 1, 'StackLock': 0, 'Grass': 0, 'Ads': 1, 'CameraPicture': 0}",421,45.0,100.0,72.5,68.8
5,5,25,61,14,17,4,24,17,0,0,15,3,180,0,0,2,"{'Normal': 14, 'Blank': 6, 'Stack': 1, 'Lock': 0, 'Plank': 0, 'Ice': 0, 'StackLock': 3, 'Grass': 1, 'Ads': 0, 'CameraPicture': 0}",422,52.5,100.0,76.2,70.3
5,5,25,54,14,15,3,21,17,0,0,12,2,174,0,0,11,"{'Normal': 14, 'Blank': 6, 'Stack': 1, 'Lock': 0, 'Plank': 0, 'Ice': 2, 'StackLock': 2, 'Grass': 0, 'Ads': 0, 'CameraPicture': 0}",423,49.5,72.6,61.0,70.9
5,5,25,53,12,13,4,29,21,6,1,0,0,85,0,0,8,"{'Normal': 12, 'Blank': 6, 'Stack': 4, 'Lock': 1, 'Plank': 2, 'Ice': 0, 'StackLock': 0, 'Grass': 0, 'Ads': 0, 'CameraPicture': 0}",424,53.0,99.5,76.2,70.1
5,5,25,68,16,12,3,18,13,0,0,6,1,57,0,0,0,"{'Normal': 16, 'Blank': 6, 'Stack': 2, 'Lock': 0, 'Plank': 0, 'Ice': 0, 'StackLock': 1, 'Grass': 0, 'Ads': 0, 'CameraPicture': 0}",425,45.1,91.9,68.5,68.3
5,5,25,66,15,11,3,18,14,3,1,3,1,133,0,0,0,"{'Normal': 15, 'Blank': 6, 'Stack': 2, 'Lock': 1, 'Plank': 0, 'Ice': 0, 'StackLock': 1, 'Grass': 0, 'Ads': 0, 'CameraPicture': 0}",426,48.1,89.2,68.6,71.0
5,5,25,68,16,9,2,13,10,0,0,3,1,137,0,0,3,"{'Normal': 16, 'Blank': 6, 'Stack': 1, 'Lock': 0, 'Plank': 1, 'Ice': 0, 'StackLock': 1, 'Grass': 0, 'Ads': 0, 'CameraPicture': 0}",427,42.9,91.3,67.1,69.5
5,5,25,64,15,16,4,22,15,0,0,8,2,120,0,0,0,"{'Normal': 15, 'Blank': 6, 'Stack': 2, 'Lock': 0, 'Plank': 0, 'Ice': 0, 'StackLock': 2, 'Grass': 0, 'Ads': 0, 'CameraPicture': 0}",428,49.1,100.0,74.6,69.9
5,5,25,51,13,21,4,26,17,0,0,5,1,61,0,0,8,"{'Normal': 13, 'Blank': 6, 'Stack': 3, 'Lock': 0, 'Plank': 0, 'Ice': 2, 'StackLock': 1, 'Grass': 0, 'Ads': 0, 'CameraPicture': 0}",429,48.9,88.4,68.6,67.4
5,5,25,60,15,12,2,13,11,0,0,0,0,5,0,0,8,"{'Normal': 15, 'Blank': 6, 'Stack': 2, 'Lock': 0, 'Plank': 2, 'Ice': 0, 'StackLock': 0, 'Grass': 0, 'Ads': 0, 'CameraPicture': 0}",430,40.8,100.0,70.4,69.1
5,5,25,63,15,7,2,10,6,0,0,0,0,2,0,0,10,"{'Normal': 15, 'Blank': 6, 'Stack': 2, 'Lock': 0, 'Plank': 0, 'Ice': 1, 'StackLock': 0, 'Grass': 1, 'Ads': 0, 'CameraPicture': 0}",431,39.1,73.2,56.2,66.8
5,5,25,59,13,12,4,28,24,0,0,3,1,67,0,0,9,"{'Normal': 13, 'Blank': 6, 'Stack': 3, 'Lock': 0, 'Plank': 1, 'Ice': 1, 'StackLock': 1, 'Grass': 0, 'Ads': 0, 'CameraPicture': 0}",432,51.3,100.0,75.6,65.2
5,5,25,64,16,16,3,15,10,0,0,6,1,90,0,0,0,"{'Normal': 16, 'Blank': 6, 'Stack': 2, 'Lock': 0, 'Plank': 0, 'Ice': 0, 'StackLock': 1, 'Grass': 0, 'Ads': 0, 'CameraPicture': 0}",433,43.9,82.4,63.2,61.9
5,5,25,61,13,10,4,25,19,0,0,2,1,86,0,0,9,"{'Normal': 13, 'Blank': 6, 'Stack': 3, 'Lock': 0, 'Plank': 1, 'Ice': 0, 'StackLock': 1, 'Grass': 1, 'Ads': 0, 'CameraPicture': 0}",434,49.7,71.5,60.6,61.2
5,5,25,63,15,13,3,14,10,4,1,0,0,62,0,0,0,"{'Normal': 15, 'Blank': 6, 'Stack': 3, 'Lock': 1, 'Plank': 0, 'Ice': 0, 'StackLock': 0, 'Grass': 0, 'Ads': 0, 'CameraPicture': 0}",435,44.7,62.9,53.8,59.8
5,5,25,55,14,13,3,15,12,0,0,0,0,6,0,0,12,"{'Normal': 14, 'Blank': 6, 'Stack': 3, 'Lock': 0, 'Plank': 0, 'Ice': 2, 'StackLock': 0, 'Grass': 0, 'Ads': 0, 'CameraPicture': 0}",436,42.5,63.5,53.0,57.9
5,5,25,58,14,17,4,24,17,0,0,2,1,95,5,1,0,"{'Normal': 14, 'Blank': 6, 'Stack': 3, 'Lock': 0, 'Plank': 0, 'Ice': 0, 'StackLock': 1, 'Grass': 0, 'Ads': 1, 'CameraPicture': 0}",437,47.1,90.1,68.6,56.7
5,5,25,68,16,8,2,9,7,0,0,0,0,1,0,0,4,"{'Normal': 16, 'Blank': 6, 'Stack': 2, 'Lock': 0, 'Plank': 1, 'Ice': 0, 'StackLock': 0, 'Grass': 0, 'Ads': 0, 'CameraPicture': 0}",438,39.0,67.8,53.4,58.2
5,5,25,63,16,11,2,9,6,0,0,0,0,2,0,0,6,"{'Normal': 16, 'Blank': 6, 'Stack': 2, 'Lock': 0, 'Plank': 0, 'Ice': 1, 'StackLock': 0, 'Grass': 0, 'Ads': 0, 'CameraPicture': 0}",439,38.5,71.2,54.8,55.1
5,5,25,54,13,14,3,19,12,0,0,9,2,240,0,0,12,"{'Normal': 13, 'Blank': 6, 'Stack': 1, 'Lock': 0, 'Plank': 1, 'Ice': 1, 'StackLock': 2, 'Grass': 1, 'Ads': 0, 'CameraPicture': 0}",440,48.6,73.6,61.1,52.1
5,5,25,63,15,8,2,6,2,0,0,0,0,3,0,0,9,"{'Normal': 15, 'Blank': 6, 'Stack': 2, 'Lock': 0, 'Plank': 2, 'Ice': 0, 'StackLock': 0, 'Grass': 0, 'Ads': 0, 'CameraPicture': 0}",441,37.4,37.4,37.4,52.0
5,5,25,60,14,16,4,21,14,0,0,6,1,45,0,0,4,"{'Normal': 14, 'Blank': 6, 'Stack': 3, 'Lock': 0, 'Plank': 0, 'Ice': 0, 'StackLock': 1, 'Grass': 1, 'Ads': 0, 'CameraPicture': 0}",442,47.2,60.8,54.0,53.8
5,5,25,61,15,15,3,13,8,0,0,0,0,3,0,0,4,"{'Normal': 15, 'Blank': 6, 'Stack': 3, 'Lock': 0, 'Plank': 1, 'Ice': 0, 'StackLock': 0, 'Grass': 0, 'Ads': 0, 'CameraPicture': 0}",443,41.0,64.4,52.7,58.4
5,5,25,69,16,11,3,18,11,0,0,6,2,144,0,0,0,"{'Normal': 16, 'Blank': 6, 'Stack': 1, 'Lock': 0, 'Plank': 0, 'Ice': 0, 'StackLock': 2, 'Grass': 0, 'Ads': 0, 'CameraPicture': 0}",444,46.3,81.7,64.0,62.0
5,5,25,54,12,26,7,53,42,0,0,20,5,290,0,0,0,"{'Normal': 12, 'Blank': 6, 'Stack': 2, 'Lock': 0, 'Plank': 0, 'Ice': 0, 'StackLock': 5, 'Grass': 0, 'Ads': 0, 'CameraPicture': 0}",445,70.7,96.7,83.7,63.6
5,5,25,54,14,20,4,23,16,0,0,8,2,124,0,0,6,"{'Normal': 14, 'Blank': 6, 'Stack': 2, 'Lock': 0, 'Plank': 0, 'Ice': 1, 'StackLock': 2, 'Grass': 0, 'Ads': 0, 'CameraPicture': 0}",446,49.5,61.8,55.6,63.9
5,5,25,62,15,12,3,19,12,6,1,0,0,70,0,0,0,"{'Normal': 15, 'Blank': 6, 'Stack': 3, 'Lock': 1, 'Plank': 0, 'Ice': 0, 'StackLock': 0, 'Grass': 0, 'Ads': 0, 'CameraPicture': 0}",447,46.9,77.2,62.0,64.7
5,5,25,57,14,23,5,24,16,0,0,4,1,45,0,0,0,"{'Normal': 14, 'Blank': 6, 'Stack': 4, 'Lock': 0, 'Plank': 0, 'Ice': 0, 'StackLock': 1, 'Grass': 0, 'Ads': 0, 'CameraPicture': 0}",448,48.8,59.9,54.4,60.6
5,5,25,62,14,18,5,33,25,0,0,4,1,54,0,0,0,"{'Normal': 14, 'Blank': 6, 'Stack': 4, 'Lock': 0, 'Plank': 0, 'Ice': 0, 'StackLock': 1, 'Grass': 0, 'Ads': 0, 'CameraPicture': 0}",449,53.1,82.1,67.6,59.5
5,5,25,68,16,8,2,10,6,0,0,0,0,1,0,0,4,"{'Normal': 16, 'Blank': 6, 'Stack': 2, 'Lock': 0, 'Plank': 1, 'Ice': 0, 'StackLock': 0, 'Grass': 0, 'Ads': 0, 'CameraPicture': 0}",450,38.9,87.8,63.4,57.9
5,5,25,58,15,17,3,15,10,0,0,11,2,143,0,0,5,"{'Normal': 15, 'Blank': 6, 'Stack': 1, 'Lock': 0, 'Plank': 1, 'Ice': 0, 'StackLock': 2, 'Grass': 0, 'Ads': 0, 'CameraPicture': 0}",451,45.9,54.1,50.0,57.6
5,5,25,61,14,13,4,18,13,0,0,0,0,4,0,0,6,"{'Normal': 14, 'Blank': 6, 'Stack': 4, 'Lock': 0, 'Plank': 1, 'Ice': 0, 'StackLock': 0, 'Grass': 0, 'Ads': 0, 'CameraPicture': 0}",452,44.6,63.8,54.2,56.2
5,5,25,67,16,9,2,10,4,0,0,0,0,1,0,0,4,"{'Normal': 16, 'Blank': 6, 'Stack': 2, 'Lock': 0, 'Plank': 1, 'Ice': 0, 'StackLock': 0, 'Grass': 0, 'Ads': 0, 'CameraPicture': 0}",453,38.4,66.8,52.6,53.6
5,5,25,58,14,19,4,24,16,0,0,6,1,87,0,0,3,"{'Normal': 14, 'Blank': 6, 'Stack': 3, 'Lock': 0, 'Plank': 1, 'Ice': 0, 'StackLock': 1, 'Grass': 0, 'Ads': 0, 'CameraPicture': 0}",454,48.6,73.1,60.8,50.5
5,5,25,67,16,13,3,13,10,0,0,2,1,43,0,0,0,"{'Normal': 16, 'Blank': 6, 'Stack': 2, 'Lock': 0, 'Plank': 0, 'Ice': 0, 'StackLock': 1, 'Grass': 0, 'Ads': 0, 'CameraPicture': 0}",455,42.7,57.7,50.2,49.5
5,5,25,61,15,13,3,15,10,0,0,0,0,0,0,0,6,"{'Normal': 15, 'Blank': 6, 'Stack': 3, 'Lock': 0, 'Plank': 0, 'Ice': 0, 'StackLock': 0, 'Grass': 1, 'Ads': 0, 'CameraPicture': 0}",456,41.8,27.6,34.7,52.8
5,5,25,53,13,15,3,14,10,0,0,3,1,47,4,1,8,"{'Normal': 13, 'Blank': 6, 'Stack': 2, 'Lock': 0, 'Plank': 1, 'Ice': 1, 'StackLock': 1, 'Grass': 0, 'Ads': 1, 'CameraPicture': 0}",457,42.4,56.2,49.3,50.1
5,5,25,58,14,19,4,25,16,3,1,13,3,305,0,0,0,"{'Normal': 14, 'Blank': 6, 'Stack': 1, 'Lock': 1, 'Plank': 0, 'Ice': 0, 'StackLock': 3, 'Grass': 0, 'Ads': 0, 'CameraPicture': 0}",458,55.2,82.4,68.8,52.0
5,5,25,67,16,8,2,8,5,0,0,0,0,0,5,1,0,"{'Normal': 16, 'Blank': 6, 'Stack': 2, 'Lock': 0, 'Plank': 0, 'Ice': 0, 'StackLock': 0, 'Grass': 0, 'Ads': 1, 'CameraPicture': 0}",459,36.9,57.7,47.3,55.6
5,5,25,64,15,9,2,10,7,0,0,6,1,125,5,1,2,"{'Normal': 15, 'Blank': 6, 'Stack': 1, 'Lock': 0, 'Plank': 0, 'Ice': 0, 'StackLock': 1, 'Grass': 1, 'Ads': 1, 'CameraPicture': 0}",460,40.8,79.4,60.1,57.6
5,5,25,48,12,20,4,20,15,0,0,0,0,3,6,1,6,"{'Normal': 12, 'Blank': 6, 'Stack': 4, 'Lock': 0, 'Plank': 1, 'Ice': 0, 'StackLock': 0, 'Grass': 1, 'Ads': 1, 'CameraPicture': 0}",461,44.3,61.0,52.6,59.3
5,5,25,58,14,22,5,24,15,0,0,11,2,98,0,0,0,"{'Normal': 14, 'Blank': 6, 'Stack': 3, 'Lock': 0, 'Plank': 0, 'Ice': 0, 'StackLock': 2, 'Grass': 0, 'Ads': 0, 'CameraPicture': 0}",462,50.7,68.0,59.4,63.3
5,5,25,53,13,15,4,29,21,6,1,5,1,141,0,0,6,"{'Normal': 13, 'Blank': 6, 'Stack': 3, 'Lock': 1, 'Plank': 0, 'Ice': 1, 'StackLock': 1, 'Grass': 0, 'Ads': 0, 'CameraPicture': 0}",463,54.4,100.0,77.2,63.5
5,5,25,60,13,15,5,29,22,0,0,7,2,108,0,0,5,"{'Normal': 13, 'Blank': 6, 'Stack': 3, 'Lock': 0, 'Plank': 0, 'Ice': 0, 'StackLock': 2, 'Grass': 1, 'Ads': 0, 'CameraPicture': 0}",464,53.6,80.6,67.1,64.1
5,5,25,62,14,9,3,18,15,0,0,4,1,124,0,0,9,"{'Normal': 14, 'Blank': 6, 'Stack': 2, 'Lock': 0, 'Plank': 0, 'Ice': 1, 'StackLock': 1, 'Grass': 1, 'Ads': 0, 'CameraPicture': 0}",465,46.6,75.9,61.2,63.9
5,5,25,56,13,19,5,25,17,0,0,5,2,92,0,0,5,"{'Normal': 13, 'Blank': 6, 'Stack': 3, 'Lock': 0, 'Plank': 1, 'Ice': 0, 'StackLock': 2, 'Grass': 0, 'Ads': 0, 'CameraPicture': 0}",466,50.9,60.8,55.8,63.0
5,5,25,56,13,21,5,25,18,0,0,8,2,128,0,0,3,"{'Normal': 13, 'Blank': 6, 'Stack': 3, 'Lock': 0, 'Plank': 0, 'Ice': 0, 'StackLock': 2, 'Grass': 1, 'Ads': 0, 'CameraPicture': 0}",467,51.9,65.0,58.4,59.8
5,5,25,57,14,18,4,26,18,0,0,6,1,60,0,0,5,"{'Normal': 14, 'Blank': 6, 'Stack': 3, 'Lock': 0, 'Plank': 1, 'Ice': 0, 'StackLock': 1, 'Grass': 0, 'Ads': 0, 'CameraPicture': 0}",468,49.2,95.6,72.4,58.9
5,5,25,59,14,18,4,18,14,0,0,0,0,0,3,1,0,"{'Normal': 14, 'Blank': 6, 'Stack': 4, 'Lock': 0, 'Plank': 0, 'Ice': 0, 'StackLock': 0, 'Grass': 0, 'Ads': 1, 'CameraPicture': 0}",469,43.4,59.3,51.4,57.9
5,5,25,57,14,17,4,22,16,0,0,0,0,4,0,0,6,"{'Normal': 14, 'Blank': 6, 'Stack': 4, 'Lock': 0, 'Plank': 1, 'Ice': 0, 'StackLock': 0, 'Grass': 0, 'Ads': 0, 'CameraPicture': 0}",470,45.9,67.3,56.6,55.6
5,5,25,50,13,21,4,20,13,0,0,6,1,71,3,1,6,"{'Normal': 13, 'Blank': 6, 'Stack': 3, 'Lock': 0, 'Plank': 1, 'Ice': 0, 'StackLock': 1, 'Grass': 0, 'Ads': 1, 'CameraPicture': 0}",471,45.7,55.7,50.7,56.3
5,5,25,63,14,10,3,15,10,3,1,0,0,52,0,0,4,"{'Normal': 14, 'Blank': 6, 'Stack': 3, 'Lock': 1, 'Plank': 1, 'Ice': 0, 'StackLock': 0, 'Grass': 0, 'Ads': 0, 'CameraPicture': 0}",472,44.9,48.7,46.8,57.0
5,5,25,49,12,16,4,27,18,5,1,2,1,220,4,1,6,"{'Normal': 12, 'Blank': 6, 'Stack': 3, 'Lock': 1, 'Plank': 0, 'Ice': 0, 'StackLock': 1, 'Grass': 1, 'Ads': 1, 'CameraPicture': 0}",473,52.3,100.0,76.2,58.1
5,5,25,56,14,19,4,19,13,5,1,0,0,62,0,0,0,"{'Normal': 14, 'Blank': 6, 'Stack': 4, 'Lock': 1, 'Plank': 0, 'Ice': 0, 'StackLock': 0, 'Grass': 0, 'Ads': 0, 'CameraPicture': 0}",474,47.7,61.9,54.8,60.3
5,5,25,49,11,24,5,26,19,0,0,6,1,124,4,2,3,"{'Normal': 11, 'Blank': 6, 'Stack': 4, 'Lock': 0, 'Plank': 1, 'Ice': 0, 'StackLock': 1, 'Grass': 0, 'Ads': 2, 'CameraPicture': 0}",475,49.4,74.9,62.2,63.6
5,5,25,53,13,27,6,33,26,0,0,13,3,208,0,0,0,"{'Normal': 13, 'Blank': 6, 'Stack': 3, 'Lock': 0, 'Plank': 0, 'Ice': 0, 'StackLock': 3, 'Grass': 0, 'Ads': 0, 'CameraPicture': 0}",476,58.3,64.9,61.6,59.1
5,5,25,40,11,25,5,27,17,5,1,6,1,192,0,0,10,"{'Normal': 11, 'Blank': 6, 'Stack': 4, 'Lock': 1, 'Plank': 0, 'Ice': 2, 'StackLock': 1, 'Grass': 0, 'Ads': 0, 'CameraPicture': 0}",477,54.4,72.4,63.4,61.2
5,5,25,64,16,16,3,14,8,0,0,5,1,48,0,0,0,"{'Normal': 16, 'Blank': 6, 'Stack': 2, 'Lock': 0, 'Plank': 0, 'Ice': 0, 'StackLock': 1, 'Grass': 0, 'Ads': 0, 'CameraPicture': 0}",478,42.7,64.0,53.4,61.0
5,5,25,55,13,16,4,24,18,0,0,9,2,181,3,1,6,"{'Normal': 13, 'Blank': 6, 'Stack': 2, 'Lock': 0, 'Plank': 1, 'Ice': 0, 'StackLock': 2, 'Grass': 0, 'Ads': 1, 'CameraPicture': 0}",479,50.2,81.1,65.6,57.2
5,5,25,62,13,13,4,25,21,0,0,2,1,87,2,1,3,"{'Normal': 13, 'Blank': 6, 'Stack': 3, 'Lock': 0, 'Plank': 0, 'Ice': 1, 'StackLock': 1, 'Grass': 0, 'Ads': 1, 'CameraPicture': 0}",480,48.9,73.1,61.0,53.6
5,5,25,43,11,22,5,21,12,0,0,6,1,53,6,1,9,"{'Normal': 11, 'Blank': 6, 'Stack': 4, 'Lock': 0, 'Plank': 0, 'Ice': 1, 'StackLock': 1, 'Grass': 1, 'Ads': 1, 'CameraPicture': 0}",481,46.9,38.8,42.8,52.5
5,5,25,62,14,16,4,20,13,0,0,4,1,37,0,0,2,"{'Normal': 14, 'Blank': 6, 'Stack': 3, 'Lock': 0, 'Plank': 0, 'Ice': 1, 'StackLock': 1, 'Grass': 0, 'Ads': 0, 'CameraPicture': 0}",482,46.5,43.7,45.1,47.8
5,5,25,63,15,11,3,14,10,0,0,2,1,95,0,0,6,"{'Normal': 15, 'Blank': 6, 'Stack': 2, 'Lock': 0, 'Plank': 0, 'Ice': 1, 'StackLock': 1, 'Grass': 0, 'Ads': 0, 'CameraPicture': 0}",483,43.7,52.2,48.0,48.2
5,5,25,66,15,10,2,7,5,0,0,0,0,2,2,1,2,"{'Normal': 15, 'Blank': 6, 'Stack': 2, 'Lock': 0, 'Plank': 1, 'Ice': 0, 'StackLock': 0, 'Grass': 0, 'Ads': 1, 'CameraPicture': 0}",484,37.2,47.3,42.2,54.1
5,5,25,57,13,10,3,16,11,6,1,8,2,282,2,1,5,"{'Normal': 13, 'Blank': 6, 'Stack': 1, 'Lock': 1, 'Plank': 1, 'Ice': 0, 'StackLock': 2, 'Grass': 0, 'Ads': 1, 'CameraPicture': 0}",485,50.0,75.8,62.9,54.7
5,5,25,54,12,17,5,32,23,4,1,8,2,221,0,0,5,"{'Normal': 12, 'Blank': 6, 'Stack': 3, 'Lock': 1, 'Plank': 0, 'Ice': 0, 'StackLock': 2, 'Grass': 1, 'Ads': 0, 'CameraPicture': 0}",486,58.1,86.4,72.2,53.5
5,5,25,62,15,12,3,12,9,0,0,0,0,0,6,1,0,"{'Normal': 15, 'Blank': 6, 'Stack': 3, 'Lock': 0, 'Plank': 0, 'Ice': 0, 'StackLock': 0, 'Grass': 0, 'Ads': 1, 'CameraPicture': 0}",487,39.8,57.0,48.4,57.5
5,5,25,64,15,16,4,14,7,0,0,6,2,83,0,0,0,"{'Normal': 15, 'Blank': 6, 'Stack': 2, 'Lock': 0, 'Plank': 0, 'Ice': 0, 'StackLock': 2, 'Grass': 0, 'Ads': 0, 'CameraPicture': 0}",488,45.0,39.0,42.0,58.7
5,5,25,60,15,15,3,18,12,0,0,3,1,90,0,0,5,"{'Normal': 15, 'Blank': 6, 'Stack': 2, 'Lock': 0, 'Plank': 0, 'Ice': 0, 'StackLock': 1, 'Grass': 1, 'Ads': 0, 'CameraPicture': 0}",489,44.8,79.1,62.0,54.7
5,5,25,53,13,25,5,32,25,0,0,9,2,113,0,0,2,"{'Normal': 13, 'Blank': 6, 'Stack': 3, 'Lock': 0, 'Plank': 1, 'Ice': 0, 'StackLock': 2, 'Grass': 0, 'Ads': 0, 'CameraPicture': 0}",490,54.7,83.1,68.9,55.9
5,5,25,60,14,15,4,18,11,0,0,7,2,173,5,1,0,"{'Normal': 14, 'Blank': 6, 'Stack': 2, 'Lock': 0, 'Plank': 0, 'Ice': 0, 'StackLock': 2, 'Grass': 0, 'Ads': 1, 'CameraPicture': 0}",491,46.7,57.7,52.2,61.9
5,5,25,44,11,23,5,28,18,2,1,0,0,60,5,1,6,"{'Normal': 11, 'Blank': 6, 'Stack': 5, 'Lock': 1, 'Plank': 1, 'Ice': 0, 'StackLock': 0, 'Grass': 0, 'Ads': 1, 'CameraPicture': 0}",492,50.0,58.7,54.4,62.1
5,5,25,65,15,12,3,18,14,0,0,0,0,0,0,0,3,"{'Normal': 15, 'Blank': 6, 'Stack': 3, 'Lock': 0, 'Plank': 0, 'Ice': 0, 'StackLock': 0, 'Grass': 1, 'Ads': 0, 'CameraPicture': 0}",493,43.6,100.0,71.8,56.6
5,5,25,60,14,16,4,26,18,0,0,6,1,54,4,1,0,"{'Normal': 14, 'Blank': 6, 'Stack': 3, 'Lock': 0, 'Plank': 0, 'Ice': 0, 'StackLock': 1, 'Grass': 0, 'Ads': 1, 'CameraPicture': 0}",494,48.0,78.9,63.4,57.3
5,5,25,52,13,23,5,18,12,5,1,0,0,38,0,0,0,"{'Normal': 13, 'Blank': 6, 'Stack': 5, 'Lock': 1, 'Plank': 0, 'Ice': 0, 'StackLock': 0, 'Grass': 0, 'Ads': 0, 'CameraPicture': 0}",495,48.2,34.1,41.2,57.3
5,5,25,46,12,28,6,28,19,0,0,9,2,173,0,0,6,"{'Normal': 12, 'Blank': 6, 'Stack': 4, 'Lock': 0, 'Plank': 0, 'Ice': 0, 'StackLock': 2, 'Grass': 1, 'Ads': 0, 'CameraPicture': 0}",496,54.1,57.0,55.6,49.7
5,5,25,52,12,22,5,25,17,6,2,6,1,202,0,0,0,"{'Normal': 12, 'Blank': 6, 'Stack': 4, 'Lock': 2, 'Plank': 0, 'Ice': 0, 'StackLock': 1, 'Grass': 0, 'Ads': 0, 'CameraPicture': 0}",497,55.6,53.2,54.4,50.0
5,5,25,50,13,12,3,13,7,0,0,0,0,1,12,2,6,"{'Normal': 13, 'Blank': 6, 'Stack': 3, 'Lock': 0, 'Plank': 0, 'Ice': 1, 'StackLock': 0, 'Grass': 0, 'Ads': 2, 'CameraPicture': 0}",498,38.5,29.4,34.0,53.3
5,5,25,46,11,25,5,30,22,3,1,6,1,124,0,0,6,"{'Normal': 11, 'Blank': 6, 'Stack': 4, 'Lock': 1, 'Plank': 1, 'Ice': 0, 'StackLock': 1, 'Grass': 1, 'Ads': 0, 'CameraPicture': 0}",499,55.1,74.9,65.0,52.7
5,5,25,45,11,23,5,23,13,3,1,0,0,66,0,0,9,"{'Normal': 11, 'Blank': 6, 'Stack': 5, 'Lock': 1, 'Plank': 1, 'Ice': 1, 'StackLock': 0, 'Grass': 0, 'Ads': 0, 'CameraPicture': 0}",500,49.5,65.3,57.4,52.1
